{
  "results": [
    {
      "command": "/Users/benvds/code/complexity-guard/target/release/complexity-guard --format json --fail-on none /Users/benvds/code/complexity-guard/benchmarks/projects/dayjs",
      "mean": 0.026492674180000002,
      "stddev": 0.002138137980221208,
      "median": 0.02695597418,
      "user": 0.14350847333333333,
      "system": 0.013837993333333333,
      "min": 0.023292849180000002,
      "max": 0.02999618218,
      "times": [
        0.02486801618,
        0.02495514018,
        0.028858890180000003,
        0.02718847418,
        0.023292849180000002,
        0.02931409918,
        0.02695597418,
        0.028515224180000003,
        0.02798059918,
        0.027101308180000002,
        0.024474599180000004,
        0.02444705818,
        0.02999618218,
        0.025433849180000002,
        0.024007849180000002
      ],
      "memory_usage_byte": [
        12746752,
        12746752,
        12746752,
        12746752,
        12746752,
        12746752,
        12746752,
        12746752,
        12746752,
        12746752,
        12746752,
        12746752,
        12746752,
        12746752,
        12746752
      ],
      "exit_codes": [
        0,
        0,
        0,
        0,
        0,
        0,
        0,
        0,
        0,
        0,
        0,
        0,
        0,
        0,
        0
      ]
    },
    {
      "command": "/tmp/fta-bench-kYqt/node_modules/.bin/fta --json --exclude-under 0 /Users/benvds/code/complexity-guard/benchmarks/projects/dayjs",
      "mean": 0.10049288251333334,
      "stddev": 0.026536814863977028,
      "median": 0.09321243318000001,
      "user": 0.06680047333333333,
      "system": 0.02882332666666666,
      "min": 0.09190959918000001,
      "max": 0.19633914118,
      "times": [
        0.09499914018000001,
        0.09469239118000002,
        0.09318484918000002,
        0.09249876518000001,
        0.09483143218000001,
        0.09327134918,
        0.09290097418000001,
        0.19633914118,
        0.09465818218000001,
        0.09572484918000002,
        0.09190959918000001,
        0.09303155818000002,
        0.09321243318000001,
        0.09311414118000001,
        0.09302443218
      ],
      "memory_usage_byte": [
        46497792,
        46497792,
        46497792,
        46497792,
        46497792,
        46497792,
        46497792,
        46497792,
        46497792,
        46497792,
        46497792,
        46497792,
        46497792,
        46497792,
        46497792
      ],
      "exit_codes": [
        0,
        0,
        0,
        0,
        0,
        0,
        0,
        0,
        0,
        0,
        0,
        0,
        0,
        0,
        0
      ]
    }
  ]
}
