{
  "results": [
    {
      "command": "/Users/benvds/code/complexity-guard/target/release/complexity-guard --format json --fail-on none /Users/benvds/code/complexity-guard/benchmarks/projects/got",
      "mean": 0.020551690173333335,
      "stddev": 0.0019507225062916143,
      "median": 0.02048739544,
      "user": 0.10381692666666666,
      "system": 0.007294319999999997,
      "min": 0.017415895440000002,
      "max": 0.02356060444,
      "times": [
        0.02258106244,
        0.020418729440000002,
        0.02069989544,
        0.02301143744,
        0.02048739544,
        0.023260895440000002,
        0.018772770440000003,
        0.01846018744,
        0.02001677144,
        0.02141322844,
        0.01853206244,
        0.01857222944,
        0.02107218744,
        0.02356060444,
        0.017415895440000002
      ],
      "memory_usage_byte": [
        11632640,
        11632640,
        11632640,
        11632640,
        11632640,
        11632640,
        12337152,
        12337152,
        12337152,
        12337152,
        12337152,
        12337152,
        12337152,
        12337152,
        13123584
      ],
      "exit_codes": [
        0,
        0,
        0,
        0,
        0,
        0,
        0,
        0,
        0,
        0,
        0,
        0,
        0,
        0,
        0
      ]
    },
    {
      "command": "/tmp/fta-bench-kYqt/node_modules/.bin/fta --json --exclude-under 0 /Users/benvds/code/complexity-guard/benchmarks/projects/got",
      "mean": 0.08574055424,
      "stddev": 0.032339221563543255,
      "median": 0.07325785444,
      "user": 0.05184692666666667,
      "system": 0.024104786666666662,
      "min": 0.07191614544000001,
      "max": 0.16767981244000002,
      "times": [
        0.07279427144,
        0.07290864644,
        0.16767981244000002,
        0.07229964644,
        0.07708281244000001,
        0.07278056244,
        0.07359643744000001,
        0.07501393744000001,
        0.07335564544,
        0.07325785444,
        0.07464139544000001,
        0.07272185444000001,
        0.07191614544000001,
        0.07313552144,
        0.16292377044
      ],
      "memory_usage_byte": [
        46514176,
        46514176,
        46514176,
        46514176,
        46514176,
        46514176,
        46546944,
        46546944,
        46546944,
        46563328,
        46563328,
        46563328,
        46563328,
        46563328,
        46563328
      ],
      "exit_codes": [
        0,
        0,
        0,
        0,
        0,
        0,
        0,
        0,
        0,
        0,
        0,
        0,
        0,
        0,
        0
      ]
    }
  ]
}
