{
  "results": [
    {
      "command": "/Users/benvds/code/complexity-guard/target/release/complexity-guard --format json --fail-on none /Users/benvds/code/complexity-guard/benchmarks/projects/nestjs",
      "mean": 0.07804430670000002,
      "stddev": 0.006066469800289648,
      "median": 0.07442770650000001,
      "user": 0.4741798933333332,
      "system": 0.07094194,
      "min": 0.07133120650000001,
      "max": 0.08627558250000002,
      "times": [
        0.0730022485,
        0.07133120650000001,
        0.07567699850000001,
        0.07248583150000001,
        0.07433153950000002,
        0.07386220650000001,
        0.08627558250000002,
        0.07313174850000001,
        0.07442770650000001,
        0.08587112350000001,
        0.08586579050000001,
        0.0853854145,
        0.07226008150000002,
        0.08174974850000001,
        0.08500737350000001
      ],
      "memory_usage_byte": [
        16646144,
        17022976,
        17022976,
        17022976,
        17022976,
        17022976,
        17022976,
        17022976,
        17022976,
        17022976,
        17022976,
        17022976,
        17022976,
        17022976,
        17022976
      ],
      "exit_codes": [
        0,
        0,
        0,
        0,
        0,
        0,
        0,
        0,
        0,
        0,
        0,
        0,
        0,
        0,
        0
      ]
    },
    {
      "command": "/tmp/fta-bench-kYqt/node_modules/.bin/fta --json --exclude-under 0 /Users/benvds/code/complexity-guard/benchmarks/projects/nestjs",
      "mean": 0.27576101803333336,
      "stddev": 0.045174927176673006,
      "median": 0.2505489575,
      "user": 0.18566402666666668,
      "system": 0.06693014,
      "min": 0.24651491550000004,
      "max": 0.3511816655,
      "times": [
        0.2529237065,
        0.3499673735,
        0.2505489575,
        0.25132508150000005,
        0.25002895750000004,
        0.3511816655,
        0.24998174850000004,
        0.2492487075,
        0.2507408735,
        0.34543758150000003,
        0.24835537350000003,
        0.24685729050000005,
        0.34562383150000003,
        0.24651491550000004,
        0.24767920650000003
      ],
      "memory_usage_byte": [
        46546944,
        46546944,
        46546944,
        46563328,
        46563328,
        46776320,
        46776320,
        46776320,
        46776320,
        46776320,
        46776320,
        46776320,
        46776320,
        46776320,
        46776320
      ],
      "exit_codes": [
        0,
        0,
        0,
        0,
        0,
        0,
        0,
        0,
        0,
        0,
        0,
        0,
        0,
        0,
        0
      ]
    }
  ]
}
