{
  "results": [
    {
      "command": "/Users/benvds/code/complexity-guard/target/release/complexity-guard --format json --fail-on none /Users/benvds/code/complexity-guard/benchmarks/projects/vite",
      "mean": 0.06810879316,
      "stddev": 0.0030627303008067376,
      "median": 0.06729599616000001,
      "user": 0.3595560866666666,
      "system": 0.057666939999999986,
      "min": 0.06406832916,
      "max": 0.07333857916000001,
      "times": [
        0.06872324516,
        0.07331628816,
        0.06406832916,
        0.07333857916000001,
        0.06726787116,
        0.06460741216,
        0.06541620416,
        0.07216503816000001,
        0.06470341216,
        0.06817595416000001,
        0.06761487116,
        0.06729599616000001,
        0.06673574516000001,
        0.07098841316000001,
        0.06721453816
      ],
      "memory_usage_byte": [
        19365888,
        19365888,
        19365888,
        19365888,
        19365888,
        20086784,
        20086784,
        20086784,
        20086784,
        20086784,
        20086784,
        20086784,
        20086784,
        20086784,
        20086784
      ],
      "exit_codes": [
        0,
        0,
        0,
        0,
        0,
        0,
        0,
        0,
        0,
        0,
        0,
        0,
        0,
        0,
        0
      ]
    },
    {
      "command": "/tmp/fta-bench-kYqt/node_modules/.bin/fta --json --exclude-under 0 /Users/benvds/code/complexity-guard/benchmarks/projects/vite",
      "mean": 0.2563912098266667,
      "stddev": 0.04434340559165119,
      "median": 0.23098232916,
      "user": 0.17380008666666666,
      "system": 0.06030267333333332,
      "min": 0.22800628716000002,
      "max": 0.33516678716000003,
      "times": [
        0.32991266316000006,
        0.23080891316,
        0.23053474616,
        0.32829891316000004,
        0.23050328716000001,
        0.22800628716000002,
        0.23005903716,
        0.33516678716000003,
        0.23098232916,
        0.23336828816,
        0.23204303816,
        0.31502307916000005,
        0.23398228716,
        0.22907757916000002,
        0.22810091216
      ],
      "memory_usage_byte": [
        46628864,
        46628864,
        46628864,
        46628864,
        46628864,
        46628864,
        46628864,
        46628864,
        46628864,
        46628864,
        46628864,
        46628864,
        46628864,
        46628864,
        46628864
      ],
      "exit_codes": [
        0,
        0,
        0,
        0,
        0,
        0,
        0,
        0,
        0,
        0,
        0,
        0,
        0,
        0,
        0
      ]
    }
  ]
}
