{
  "results": [
    {
      "command": "/Users/benvds/code/complexity-guard/target/release/complexity-guard --format json --fail-on none /Users/benvds/code/complexity-guard/benchmarks/projects/vscode",
      "mean": 2.8410986946466665,
      "stddev": 0.6832923890857613,
      "median": 3.11542152218,
      "user": 10.691781326666664,
      "system": 0.29738055999999996,
      "min": 1.43139260618,
      "max": 3.50433964718,
      "times": [
        1.53466731418,
        3.09470760618,
        3.2372207301800002,
        3.11542152218,
        3.12057456418,
        3.08374056418,
        1.65705268918,
        3.11944243918,
        1.43139260618,
        3.13741835518,
        3.50433964718,
        3.05377568918,
        3.0793856061800002,
        3.16421064718,
        3.2831304391800002
      ],
      "memory_usage_byte": [
        339771392,
        339771392,
        339771392,
        339771392,
        339771392,
        339771392,
        339771392,
        339771392,
        339771392,
        339771392,
        339771392,
        339771392,
        339771392,
        339771392,
        339771392
      ],
      "exit_codes": [
        0,
        0,
        0,
        0,
        0,
        0,
        0,
        0,
        0,
        0,
        0,
        0,
        0,
        0,
        0
      ]
    },
    {
      "command": "/tmp/fta-bench-kYqt/node_modules/.bin/fta --json --exclude-under 0 /Users/benvds/code/complexity-guard/benchmarks/projects/vscode",
      "mean": 2.04674584478,
      "stddev": 0.007719774440177433,
      "median": 2.04727989718,
      "user": 1.7404421266666668,
      "system": 0.21379502666666664,
      "min": 2.03202310518,
      "max": 2.06254923118,
      "times": [
        2.03202310518,
        2.0549852731800002,
        2.03516235518,
        2.04690252318,
        2.04972752218,
        2.04728352318,
        2.04355952218,
        2.04044093918,
        2.05363877218,
        2.04279923118,
        2.05237514818,
        2.04858135618,
        2.06254923118,
        2.04727989718,
        2.04387927218
      ],
      "memory_usage_byte": [
        339771392,
        339771392,
        339771392,
        339771392,
        339771392,
        339771392,
        339771392,
        339771392,
        339771392,
        339771392,
        339771392,
        339771392,
        339771392,
        339771392,
        339771392
      ],
      "exit_codes": [
        0,
        0,
        0,
        0,
        0,
        0,
        0,
        0,
        0,
        0,
        0,
        0,
        0,
        0,
        0
      ]
    }
  ]
}
