{
  "results": [
    {
      "command": "/Users/benvds/code/complexity-guard/target/release/complexity-guard --format json --fail-on none /Users/benvds/code/complexity-guard/benchmarks/projects/webpack",
      "mean": 0.25674191665333335,
      "stddev": 0.0226421215550862,
      "median": 0.24929245872000003,
      "user": 1.1246264333333331,
      "system": 0.35527814666666657,
      "min": 0.22699704172000001,
      "max": 0.30331379172,
      "times": [
        0.28919224972,
        0.24524787472000004,
        0.22699704172000001,
        0.24560574972000002,
        0.30331379172,
        0.28880158272,
        0.24929245872000003,
        0.23392941672000003,
        0.24066662572000003,
        0.27272537572,
        0.25369049972,
        0.24841249972000004,
        0.23264566672000003,
        0.26276995872,
        0.25783795772
      ],
      "memory_usage_byte": [
        54345728,
        54345728,
        54345728,
        54345728,
        54345728,
        54345728,
        54345728,
        54345728,
        54345728,
        54345728,
        54345728,
        54345728,
        54345728,
        54345728,
        54345728
      ],
      "exit_codes": [
        0,
        0,
        0,
        0,
        0,
        0,
        0,
        0,
        0,
        0,
        0,
        0,
        0,
        0,
        0
      ]
    },
    {
      "command": "/tmp/fta-bench-kYqt/node_modules/.bin/fta --json --exclude-under 0 /Users/benvds/code/complexity-guard/benchmarks/projects/webpack",
      "mean": 0.7973566056533332,
      "stddev": 0.04301202989489053,
      "median": 0.81600120872,
      "user": 0.5132835,
      "system": 0.20938428000000003,
      "min": 0.7117047507200001,
      "max": 0.8339300417200001,
      "times": [
        0.81373820872,
        0.8167871667200001,
        0.7174872077200001,
        0.81296920872,
        0.8270872917200001,
        0.81726825072,
        0.81189424972,
        0.7117047507200001,
        0.8339300417200001,
        0.81751112472,
        0.81801949972,
        0.81627049972,
        0.71578424972,
        0.81389612572,
        0.81600120872
      ],
      "memory_usage_byte": [
        54345728,
        54345728,
        54345728,
        54345728,
        54345728,
        54345728,
        54345728,
        54345728,
        54345728,
        54345728,
        54345728,
        54345728,
        54345728,
        54345728,
        54345728
      ],
      "exit_codes": [
        0,
        0,
        0,
        0,
        0,
        0,
        0,
        0,
        0,
        0,
        0,
        0,
        0,
        0,
        0
      ]
    }
  ]
}
