{
  "results": [
    {
      "command": "/Users/benvds/code/complexity-guard/target/release/complexity-guard --format json --fail-on none /Users/benvds/code/complexity-guard/benchmarks/projects/zod",
      "mean": 0.03782660297333333,
      "stddev": 0.0028353848603282538,
      "median": 0.03706953664,
      "user": 0.20068777333333335,
      "system": 0.011349066666666666,
      "min": 0.03413974464,
      "max": 0.044368577640000004,
      "times": [
        0.03436253664,
        0.03638636964,
        0.03640266164,
        0.03966720264,
        0.044368577640000004,
        0.03689832764,
        0.03972653664,
        0.03749232764,
        0.03413974464,
        0.03519916164,
        0.04055949464,
        0.038640952640000004,
        0.04108303664,
        0.03540257764,
        0.03706953664
      ],
      "memory_usage_byte": [
        20889600,
        20889600,
        20889600,
        20889600,
        20889600,
        20889600,
        20889600,
        20889600,
        20889600,
        20889600,
        20889600,
        21053440,
        21053440,
        21053440,
        21053440
      ],
      "exit_codes": [
        0,
        0,
        0,
        0,
        0,
        0,
        0,
        0,
        0,
        0,
        0,
        0,
        0,
        0,
        0
      ]
    },
    {
      "command": "/tmp/fta-bench-kYqt/node_modules/.bin/fta --json --exclude-under 0 /Users/benvds/code/complexity-guard/benchmarks/projects/zod",
      "mean": 0.1002045867066667,
      "stddev": 0.026642692782422105,
      "median": 0.09331586964000001,
      "user": 0.06913790666666667,
      "system": 0.026573266666666668,
      "min": 0.09236720364,
      "max": 0.19647362064,
      "times": [
        0.09485241164000001,
        0.09363382864000001,
        0.09301649464000002,
        0.09269961964000001,
        0.09260274464000001,
        0.09236720364,
        0.09336416164000001,
        0.19647362064,
        0.09269387064000001,
        0.09409932764000001,
        0.09331586964000001,
        0.09254412064,
        0.09313074464000001,
        0.09470095364000002,
        0.09357382864000001
      ],
      "memory_usage_byte": [
        46465024,
        46497792,
        46497792,
        46497792,
        46497792,
        46497792,
        46497792,
        46497792,
        46497792,
        46546944,
        46546944,
        46546944,
        46546944,
        46546944,
        46546944
      ],
      "exit_codes": [
        0,
        0,
        0,
        0,
        0,
        0,
        0,
        0,
        0,
        0,
        0,
        0,
        0,
        0,
        0
      ]
    }
  ]
}
