{
  "results": [
    {
      "command": "/Users/benvds/code/complexity-guard/target/release/complexity-guard --format json --fail-on none /Users/benvds/code/complexity-guard/benchmarks/projects/angular",
      "mean": 0.6284121236800001,
      "stddev": 0.014086545468103007,
      "median": 0.6276332374800001,
      "user": 4.21179292,
      "system": 0.4225232133333333,
      "min": 0.60146307048,
      "max": 0.6581934044800001,
      "times": [
        0.60146307048,
        0.6581934044800001,
        0.6357154874800001,
        0.6152082374800001,
        0.64123202948,
        0.61594032048,
        0.6276332374800001,
        0.62061198748,
        0.62389019548,
        0.6163230714800001,
        0.6436474874800001,
        0.6334841544800001,
        0.63132719648,
        0.6232757374800001,
        0.63823623748
      ],
      "memory_usage_byte": [
        58966016,
        62783488,
        62783488,
        62783488,
        62783488,
        62783488,
        62783488,
        62783488,
        62783488,
        62783488,
        62783488,
        62783488,
        62783488,
        62783488,
        62783488
      ],
      "exit_codes": [
        0,
        0,
        0,
        0,
        0,
        0,
        0,
        0,
        0,
        0,
        0,
        0,
        0,
        0,
        0
      ]
    }
  ]
}
