{
  "results": [
    {
      "command": "/Users/benvds/code/complexity-guard/target/release/complexity-guard --format json --fail-on none /Users/benvds/code/complexity-guard/benchmarks/projects/angular",
      "mean": 0.5502486134266669,
      "stddev": 0.026975571968112406,
      "median": 0.54031423836,
      "user": 3.7365911,
      "system": 0.27381211999999994,
      "min": 0.5155606963600001,
      "max": 0.6067462383600001,
      "times": [
        0.5822788633600001,
        0.56609811336,
        0.5855591133600001,
        0.5365839463600001,
        0.54031423836,
        0.6067462383600001,
        0.5281796553600001,
        0.5467566553600001,
        0.5721887793600001,
        0.5270892383600001,
        0.53002632236,
        0.5590074473600001,
        0.53362078036,
        0.5155606963600001,
        0.5237191133600001
      ],
      "memory_usage_byte": [
        83869696,
        83869696,
        83869696,
        83869696,
        83869696,
        83869696,
        84934656,
        84934656,
        84934656,
        89161728,
        89161728,
        89161728,
        89161728,
        89161728,
        89161728
      ],
      "exit_codes": [
        0,
        0,
        0,
        0,
        0,
        0,
        0,
        0,
        0,
        0,
        0,
        0,
        0,
        0,
        0
      ]
    }
  ]
}
