{
  "results": [
    {
      "command": "/Users/benvds/code/complexity-guard/target/release/complexity-guard --format json --fail-on none /Users/benvds/code/complexity-guard/benchmarks/projects/ant-design",
      "mean": 0.16677960516,
      "stddev": 0.008249638765095723,
      "median": 0.16423275276000002,
      "user": 1.08258962,
      "system": 0.16895470666666668,
      "min": 0.15931212676,
      "max": 0.19042796076000001,
      "times": [
        0.15964837676000002,
        0.16946916876,
        0.17253675276000002,
        0.16457021076000003,
        0.17742521076,
        0.16406837676000002,
        0.16373100276000002,
        0.19042796076000001,
        0.15963437776000003,
        0.16100762776000002,
        0.16578533576,
        0.16423275276000002,
        0.16746721076,
        0.16237758576000003,
        0.15931212676
      ],
      "memory_usage_byte": [
        22790144,
        22790144,
        23707648,
        23707648,
        23707648,
        23707648,
        23707648,
        23707648,
        23707648,
        23707648,
        23707648,
        23707648,
        23707648,
        23707648,
        23707648
      ],
      "exit_codes": [
        0,
        0,
        0,
        0,
        0,
        0,
        0,
        0,
        0,
        0,
        0,
        0,
        0,
        0,
        0
      ]
    }
  ]
}
