{
  "results": [
    {
      "command": "/Users/benvds/code/complexity-guard/target/release/complexity-guard --format json --fail-on none /Users/benvds/code/complexity-guard/benchmarks/projects/ant-design",
      "mean": 0.15614795903333337,
      "stddev": 0.006487209571174674,
      "median": 0.15462796110000002,
      "user": 1.0697394733333332,
      "system": 0.09695101999999998,
      "min": 0.14961308710000001,
      "max": 0.1722895451,
      "times": [
        0.1722895451,
        0.1680400031,
        0.15003846210000002,
        0.1549429621,
        0.15333646210000001,
        0.14961308710000001,
        0.1544700031,
        0.1528155031,
        0.1552835871,
        0.15012008710000002,
        0.1606087951,
        0.15816187810000001,
        0.15462796110000002,
        0.1562547541,
        0.15161629510000002
      ],
      "memory_usage_byte": [
        21266432,
        21266432,
        21266432,
        22118400,
        23117824,
        23117824,
        23117824,
        23117824,
        23117824,
        23117824,
        23117824,
        23117824,
        23117824,
        23117824,
        23117824
      ],
      "exit_codes": [
        0,
        0,
        0,
        0,
        0,
        0,
        0,
        0,
        0,
        0,
        0,
        0,
        0,
        0,
        0
      ]
    }
  ]
}
