{
  "results": [
    {
      "command": "/Users/benvds/code/complexity-guard/target/release/complexity-guard --format json --fail-on none /Users/benvds/code/complexity-guard/benchmarks/projects/apollo-client",
      "mean": 0.10866329515333333,
      "stddev": 0.005068870741664176,
      "median": 0.10921632662000001,
      "user": 0.69889136,
      "system": 0.038020653333333335,
      "min": 0.09759815862,
      "max": 0.11688324262000001,
      "times": [
        0.10313865862,
        0.10273753362,
        0.10723653462,
        0.11688324262000001,
        0.11530865862,
        0.10849661762,
        0.11267403362,
        0.10425157562000001,
        0.10975874262,
        0.11098178362000001,
        0.11128207562,
        0.11158486762,
        0.10921632662000001,
        0.09759815862,
        0.10880061762000001
      ],
      "memory_usage_byte": [
        30146560,
        30146560,
        30261248,
        30261248,
        30261248,
        30261248,
        30261248,
        30261248,
        30261248,
        30261248,
        32243712,
        32243712,
        32243712,
        32243712,
        32243712
      ],
      "exit_codes": [
        0,
        0,
        0,
        0,
        0,
        0,
        0,
        0,
        0,
        0,
        0,
        0,
        0,
        0,
        0
      ]
    }
  ]
}
