{
  "results": [
    {
      "command": "/Users/benvds/code/complexity-guard/target/release/complexity-guard --format json --fail-on none /Users/benvds/code/complexity-guard/benchmarks/projects/ava",
      "mean": 0.032728947833333334,
      "stddev": 0.001449261352339325,
      "median": 0.0330924203,
      "user": 0.13183618666666666,
      "system": 0.03446844666666667,
      "min": 0.0304829203,
      "max": 0.0349096703,
      "times": [
        0.0317394623,
        0.0334912113,
        0.0335124203,
        0.034335128300000003,
        0.0344530453,
        0.0335072113,
        0.033956462300000004,
        0.030772836300000002,
        0.0304829203,
        0.0316210033,
        0.0317642533,
        0.0349096703,
        0.0330924203,
        0.030837878300000003,
        0.0324582943
      ],
      "memory_usage_byte": [
        12795904,
        12795904,
        12795904,
        12795904,
        12795904,
        12795904,
        12795904,
        12795904,
        12795904,
        12795904,
        12795904,
        12795904,
        12795904,
        12795904,
        12795904
      ],
      "exit_codes": [
        0,
        0,
        0,
        0,
        0,
        0,
        0,
        0,
        0,
        0,
        0,
        0,
        0,
        0,
        0
      ]
    }
  ]
}
