{
  "results": [
    {
      "command": "/Users/benvds/code/complexity-guard/target/release/complexity-guard --format json --fail-on none /Users/benvds/code/complexity-guard/benchmarks/projects/ava",
      "mean": 0.031230764066666663,
      "stddev": 0.002021939958337638,
      "median": 0.0310779052,
      "user": 0.13085053333333335,
      "system": 0.022466853333333335,
      "min": 0.028082823200000002,
      "max": 0.0352364472,
      "times": [
        0.030508739200000003,
        0.0303049472,
        0.0285617392,
        0.0325713642,
        0.0339913642,
        0.0295280312,
        0.0352364472,
        0.0329362802,
        0.0322375312,
        0.0310779052,
        0.028082823200000002,
        0.029404947200000003,
        0.0299392802,
        0.0317209052,
        0.0323591562
      ],
      "memory_usage_byte": [
        12238848,
        12238848,
        12238848,
        12238848,
        12238848,
        12238848,
        12238848,
        12238848,
        12238848,
        12238848,
        12304384,
        12304384,
        12304384,
        12304384,
        12304384
      ],
      "exit_codes": [
        0,
        0,
        0,
        0,
        0,
        0,
        0,
        0,
        0,
        0,
        0,
        0,
        0,
        0,
        0
      ]
    }
  ]
}
