{
  "results": [
    {
      "command": "/Users/benvds/code/complexity-guard/target/release/complexity-guard --format json --fail-on none /Users/benvds/code/complexity-guard/benchmarks/projects/axios",
      "mean": 0.02251748863333334,
      "stddev": 0.002143152397373767,
      "median": 0.022410477900000003,
      "user": 0.09084037333333334,
      "system": 0.0102519,
      "min": 0.018167351900000003,
      "max": 0.0261107689,
      "times": [
        0.022454685900000004,
        0.018167351900000003,
        0.0225164779,
        0.019655643900000002,
        0.022410477900000003,
        0.021475977900000002,
        0.0220744769,
        0.022225935900000004,
        0.020693143900000002,
        0.024925435900000004,
        0.0261107689,
        0.0246013529,
        0.023068852900000002,
        0.021906227900000002,
        0.025475518900000004
      ],
      "memory_usage_byte": [
        9142272,
        9682944,
        9682944,
        9863168,
        9863168,
        9863168,
        9863168,
        9863168,
        9863168,
        9863168,
        9863168,
        9863168,
        9863168,
        9863168,
        9863168
      ],
      "exit_codes": [
        0,
        0,
        0,
        0,
        0,
        0,
        0,
        0,
        0,
        0,
        0,
        0,
        0,
        0,
        0
      ]
    }
  ]
}
