{
  "results": [
    {
      "command": "/Users/benvds/code/complexity-guard/target/release/complexity-guard --format json --fail-on none /Users/benvds/code/complexity-guard/benchmarks/projects/axios",
      "mean": 0.021548490973333334,
      "stddev": 0.0015824371635414993,
      "median": 0.021282565840000003,
      "user": 0.09237091333333333,
      "system": 0.013997766666666666,
      "min": 0.018858482840000003,
      "max": 0.02481764884,
      "times": [
        0.02096131584,
        0.021282565840000003,
        0.02215573284,
        0.020480648840000004,
        0.022093774840000004,
        0.023409482840000002,
        0.018858482840000003,
        0.019935649840000003,
        0.020700523840000002,
        0.021639440840000003,
        0.023102482840000004,
        0.020517357840000004,
        0.020115148840000003,
        0.023157107840000003,
        0.02481764884
      ],
      "memory_usage_byte": [
        9404416,
        10600448,
        10600448,
        10600448,
        10600448,
        10600448,
        10911744,
        10911744,
        10911744,
        10911744,
        10911744,
        10911744,
        10911744,
        10911744,
        10911744
      ],
      "exit_codes": [
        0,
        0,
        0,
        0,
        0,
        0,
        0,
        0,
        0,
        0,
        0,
        0,
        0,
        0,
        0
      ]
    }
  ]
}
