{
  "results": [
    {
      "command": "/Users/benvds/code/complexity-guard/target/release/complexity-guard --format json --fail-on none /Users/benvds/code/complexity-guard/benchmarks/projects/biome",
      "mean": 0.1493255603466667,
      "stddev": 0.007417251432840312,
      "median": 0.14783074048,
      "user": 0.4160942,
      "system": 0.43489243333333344,
      "min": 0.14183544948,
      "max": 0.17241432448,
      "times": [
        0.14432461548000003,
        0.14783074048,
        0.15038928248,
        0.14856686548000003,
        0.15149674148000003,
        0.15747653248,
        0.15006044948000002,
        0.17241432448,
        0.14608082447999998,
        0.14735286547999998,
        0.14527274048,
        0.14183544948,
        0.14430219948,
        0.14461811648,
        0.14786165748000002
      ],
      "memory_usage_byte": [
        20283392,
        20283392,
        20316160,
        20316160,
        20316160,
        20316160,
        20316160,
        20316160,
        20316160,
        20316160,
        20316160,
        20316160,
        20316160,
        20316160,
        20316160
      ],
      "exit_codes": [
        0,
        0,
        0,
        0,
        0,
        0,
        0,
        0,
        0,
        0,
        0,
        0,
        0,
        0,
        0
      ]
    }
  ]
}
