{
  "results": [
    {
      "command": "/Users/benvds/code/complexity-guard/target/release/complexity-guard --format json --fail-on none /Users/benvds/code/complexity-guard/benchmarks/projects/biome",
      "mean": 0.11615920593333336,
      "stddev": 0.004650796913339532,
      "median": 0.115277345,
      "user": 0.39994537333333324,
      "system": 0.19887796666666668,
      "min": 0.110989636,
      "max": 0.12802638700000002,
      "times": [
        0.11305467800000002,
        0.11647617800000001,
        0.117008053,
        0.111771595,
        0.11688005400000001,
        0.114997761,
        0.113610762,
        0.11704563600000001,
        0.11610326100000001,
        0.11221288700000001,
        0.110989636,
        0.11407392800000002,
        0.12485992800000001,
        0.12802638700000002,
        0.115277345
      ],
      "memory_usage_byte": [
        19972096,
        19972096,
        19972096,
        19972096,
        19972096,
        19972096,
        20185088,
        20185088,
        20185088,
        20234240,
        20234240,
        20234240,
        20234240,
        20234240,
        20234240
      ],
      "exit_codes": [
        0,
        0,
        0,
        0,
        0,
        0,
        0,
        0,
        0,
        0,
        0,
        0,
        0,
        0,
        0
      ]
    }
  ]
}
