{
  "results": [
    {
      "command": "/Users/benvds/code/complexity-guard/target/release/complexity-guard --format json --fail-on none /Users/benvds/code/complexity-guard/benchmarks/projects/chakra-ui",
      "mean": 0.08641562736666669,
      "stddev": 0.004678588588424151,
      "median": 0.0849674105,
      "user": 0.4497658533333333,
      "system": 0.14764166666666664,
      "min": 0.0809822025,
      "max": 0.0964592865,
      "times": [
        0.0964592865,
        0.08377128550000001,
        0.09442091150000001,
        0.09035770250000001,
        0.08189270250000001,
        0.0809822025,
        0.0849674105,
        0.08474145250000001,
        0.0861761605,
        0.0898728275,
        0.0890734105,
        0.08230453550000001,
        0.0826513685,
        0.08272836850000001,
        0.08583478550000001
      ],
      "memory_usage_byte": [
        14778368,
        14794752,
        15187968,
        15319040,
        15319040,
        15319040,
        15319040,
        15319040,
        15319040,
        15319040,
        15319040,
        15319040,
        15663104,
        15663104,
        15663104
      ],
      "exit_codes": [
        0,
        0,
        0,
        0,
        0,
        0,
        0,
        0,
        0,
        0,
        0,
        0,
        0,
        0,
        0
      ]
    }
  ]
}
