{
  "results": [
    {
      "command": "/Users/benvds/code/complexity-guard/target/release/complexity-guard --format json --fail-on none /Users/benvds/code/complexity-guard/benchmarks/projects/chalk",
      "mean": 0.00570703202,
      "stddev": 0.00043070399832105457,
      "median": 0.005748385219999999,
      "user": 0.008375846666666666,
      "system": 0.004014159999999999,
      "min": 0.00491534322,
      "max": 0.006581718219999999,
      "times": [
        0.005768259219999999,
        0.00522046822,
        0.005472009219999999,
        0.00622113522,
        0.006581718219999999,
        0.005440802219999999,
        0.00598630122,
        0.005610676219999999,
        0.005748385219999999,
        0.0059278432199999995,
        0.00581701022,
        0.00491534322,
        0.005190551219999999,
        0.0060927182199999996,
        0.005612259219999999
      ],
      "memory_usage_byte": [
        5406720,
        5406720,
        5406720,
        5406720,
        5406720,
        5488640,
        5488640,
        5488640,
        5488640,
        5488640,
        5488640,
        5488640,
        5488640,
        5488640,
        5488640
      ],
      "exit_codes": [
        0,
        0,
        0,
        0,
        0,
        0,
        0,
        0,
        0,
        0,
        0,
        0,
        0,
        0,
        0
      ]
    }
  ]
}
