{
  "results": [
    {
      "command": "/Users/benvds/code/complexity-guard/target/release/complexity-guard --format json --fail-on none /Users/benvds/code/complexity-guard/benchmarks/projects/chalk",
      "mean": 0.005451662633333332,
      "stddev": 0.0008319020289202731,
      "median": 0.005540110299999999,
      "user": 0.00851374,
      "system": 0.003091786666666667,
      "min": 0.0039868603,
      "max": 0.0070615263,
      "times": [
        0.004465026299999998,
        0.005540110299999999,
        0.005618818299999999,
        0.005685734299999999,
        0.0047912762999999985,
        0.006259193299999999,
        0.0039868603,
        0.005239276299999999,
        0.005191318299999998,
        0.0070615263,
        0.0063026932999999995,
        0.004951193299999999,
        0.0045777343,
        0.006388943299999999,
        0.005715235299999999
      ],
      "memory_usage_byte": [
        5406720,
        5406720,
        5406720,
        5406720,
        5455872,
        5455872,
        5455872,
        5455872,
        5455872,
        5455872,
        5455872,
        5455872,
        5455872,
        5455872,
        5455872
      ],
      "exit_codes": [
        0,
        0,
        0,
        0,
        0,
        0,
        0,
        0,
        0,
        0,
        0,
        0,
        0,
        0,
        0
      ]
    }
  ]
}
