{
  "results": [
    {
      "command": "/Users/benvds/code/complexity-guard/target/release/complexity-guard --format json --fail-on none /Users/benvds/code/complexity-guard/benchmarks/projects/commander",
      "mean": 0.02432434476666667,
      "stddev": 0.001195778259469268,
      "median": 0.024607814500000002,
      "user": 0.11304747333333333,
      "system": 0.013657679999999998,
      "min": 0.022063522500000002,
      "max": 0.025897772500000003,
      "times": [
        0.023106730500000002,
        0.0247842305,
        0.024607814500000002,
        0.0257437725,
        0.025897772500000003,
        0.023125813500000002,
        0.024630772500000002,
        0.0256754805,
        0.0225186055,
        0.0254587725,
        0.024558231500000003,
        0.0237469815,
        0.0248646065,
        0.0240820645,
        0.022063522500000002
      ],
      "memory_usage_byte": [
        9633792,
        9961472,
        9961472,
        9961472,
        9961472,
        9961472,
        10649600,
        10649600,
        10649600,
        10649600,
        10649600,
        10649600,
        10649600,
        10649600,
        10649600
      ],
      "exit_codes": [
        0,
        0,
        0,
        0,
        0,
        0,
        0,
        0,
        0,
        0,
        0,
        0,
        0,
        0,
        0
      ]
    }
  ]
}
