{
  "results": [
    {
      "command": "/Users/benvds/code/complexity-guard/target/release/complexity-guard --format json --fail-on none /Users/benvds/code/complexity-guard/benchmarks/projects/commander",
      "mean": 0.023753333766666666,
      "stddev": 0.0017855005934773133,
      "median": 0.0244118363,
      "user": 0.11019474000000001,
      "system": 0.009625513333333334,
      "min": 0.0207612533,
      "max": 0.0268772953,
      "times": [
        0.0207969623,
        0.0207612533,
        0.024020669300000002,
        0.0241095443,
        0.0224145873,
        0.021780961300000002,
        0.0244118363,
        0.0248154613,
        0.0253516283,
        0.0219809613,
        0.0245089613,
        0.0249781283,
        0.0247295033,
        0.0268772953,
        0.024762253300000002
      ],
      "memory_usage_byte": [
        9682944,
        9797632,
        9797632,
        10436608,
        10436608,
        10436608,
        10436608,
        10436608,
        10436608,
        10436608,
        10436608,
        10436608,
        10436608,
        10436608,
        10436608
      ],
      "exit_codes": [
        0,
        0,
        0,
        0,
        0,
        0,
        0,
        0,
        0,
        0,
        0,
        0,
        0,
        0,
        0
      ]
    }
  ]
}
