{
  "results": [
    {
      "command": "/Users/benvds/code/complexity-guard/target/release/complexity-guard --format json --fail-on none /Users/benvds/code/complexity-guard/benchmarks/projects/commander",
      "mean": 0.024353181319999997,
      "stddev": 0.0014967881487205586,
      "median": 0.02405379212,
      "user": 0.10897343999999999,
      "system": 0.009548113333333334,
      "min": 0.02189800112,
      "max": 0.027792625120000004,
      "times": [
        0.02506104312,
        0.02327650012,
        0.02368550112,
        0.02405379212,
        0.024445709120000002,
        0.02487266712,
        0.02576158412,
        0.02355158412,
        0.027792625120000004,
        0.02306841812,
        0.025873792120000003,
        0.02355933412,
        0.02282629212,
        0.025570876120000002,
        0.02189800112
      ],
      "memory_usage_byte": [
        9846784,
        9846784,
        9912320,
        9912320,
        9912320,
        9912320,
        9912320,
        9912320,
        10616832,
        10616832,
        10616832,
        10616832,
        10616832,
        10616832,
        10616832
      ],
      "exit_codes": [
        0,
        0,
        0,
        0,
        0,
        0,
        0,
        0,
        0,
        0,
        0,
        0,
        0,
        0,
        0
      ]
    }
  ]
}
