{
  "results": [
    {
      "command": "/Users/benvds/code/complexity-guard/target/release/complexity-guard --format json --fail-on none /Users/benvds/code/complexity-guard/benchmarks/projects/date-fns",
      "mean": 0.10136384214000002,
      "stddev": 0.006621761177518797,
      "median": 0.09918738154000001,
      "user": 0.49666747333333344,
      "system": 0.12782238,
      "min": 0.09388050554,
      "max": 0.11580525654000001,
      "times": [
        0.10182783954,
        0.10480079754,
        0.11580525654000001,
        0.10554525554000001,
        0.09918738154000001,
        0.09549546454,
        0.09388050554,
        0.09847821454000001,
        0.09925425554,
        0.10632692254000001,
        0.09706383954,
        0.09635088154,
        0.09569417254000001,
        0.09714850554000001,
        0.11359833954000001
      ],
      "memory_usage_byte": [
        14876672,
        14876672,
        14876672,
        14876672,
        14876672,
        14876672,
        14876672,
        14876672,
        14876672,
        14876672,
        14876672,
        14876672,
        14925824,
        15417344,
        15417344
      ],
      "exit_codes": [
        0,
        0,
        0,
        0,
        0,
        0,
        0,
        0,
        0,
        0,
        0,
        0,
        0,
        0,
        0
      ]
    }
  ]
}
