{
  "results": [
    {
      "command": "/Users/benvds/code/complexity-guard/target/release/complexity-guard --format json --fail-on none /Users/benvds/code/complexity-guard/benchmarks/projects/dayjs",
      "mean": 0.03186366148666667,
      "stddev": 0.0019096455756429504,
      "median": 0.03161938662,
      "user": 0.17222673333333333,
      "system": 0.022146846666666664,
      "min": 0.029745802620000004,
      "max": 0.03497176162,
      "times": [
        0.030070011620000003,
        0.034864761620000004,
        0.03032117762,
        0.031736511620000005,
        0.03081288662,
        0.03497176162,
        0.029745802620000004,
        0.031970719620000004,
        0.030854594620000002,
        0.03168659462,
        0.034076803620000005,
        0.03161938662,
        0.03491613662,
        0.030189511620000005,
        0.030118261620000003
      ],
      "memory_usage_byte": [
        13516800,
        13516800,
        13516800,
        13516800,
        13516800,
        13516800,
        13516800,
        13516800,
        13516800,
        13516800,
        13516800,
        13516800,
        13516800,
        13516800,
        13516800
      ],
      "exit_codes": [
        0,
        0,
        0,
        0,
        0,
        0,
        0,
        0,
        0,
        0,
        0,
        0,
        0,
        0,
        0
      ]
    }
  ]
}
