{
  "results": [
    {
      "command": "/Users/benvds/code/complexity-guard/target/release/complexity-guard --format json --fail-on none /Users/benvds/code/complexity-guard/benchmarks/projects/dayjs",
      "mean": 0.03578218104,
      "stddev": 0.016792082045100767,
      "median": 0.03081724464,
      "user": 0.1636301466666667,
      "system": 0.016237226666666663,
      "min": 0.028100161640000006,
      "max": 0.09546416164,
      "times": [
        0.03081724464,
        0.029445911640000006,
        0.029902744640000003,
        0.03311374464,
        0.030277161640000005,
        0.028620203640000005,
        0.02865691164,
        0.03218437064,
        0.09546416164,
        0.03266695364,
        0.028489452640000006,
        0.03569387064,
        0.038939202640000004,
        0.03436061964,
        0.028100161640000006
      ],
      "memory_usage_byte": [
        11845632,
        11845632,
        11845632,
        11845632,
        11845632,
        11845632,
        11943936,
        11943936,
        11943936,
        11943936,
        11943936,
        11943936,
        11943936,
        11943936,
        11943936
      ],
      "exit_codes": [
        0,
        0,
        0,
        0,
        0,
        0,
        0,
        0,
        0,
        0,
        0,
        0,
        0,
        0,
        0
      ]
    }
  ]
}
