{
  "results": [
    {
      "command": "/Users/benvds/code/complexity-guard/target/release/complexity-guard --format json --fail-on none /Users/benvds/code/complexity-guard/benchmarks/projects/debug",
      "mean": 0.004284811273333332,
      "stddev": 0.0011154995584565864,
      "median": 0.004262522139999999,
      "user": 0.005689026666666666,
      "system": 0.00264984,
      "min": 0.002828564139999998,
      "max": 0.0071438141399999995,
      "times": [
        0.006137689139999999,
        0.0037614391399999995,
        0.002828564139999998,
        0.004558106139999999,
        0.0033201471399999984,
        0.00409118914,
        0.0037935641399999987,
        0.004350272139999998,
        0.0071438141399999995,
        0.003017689139999998,
        0.0036670221399999984,
        0.0042841891399999985,
        0.004416772139999999,
        0.004262522139999999,
        0.00463918914
      ],
      "memory_usage_byte": [
        4407296,
        4407296,
        4407296,
        4407296,
        4407296,
        4407296,
        4407296,
        4407296,
        4407296,
        4407296,
        4407296,
        4407296,
        4407296,
        4407296,
        4407296
      ],
      "exit_codes": [
        0,
        0,
        0,
        0,
        0,
        0,
        0,
        0,
        0,
        0,
        0,
        0,
        0,
        0,
        0
      ]
    }
  ]
}
