{
  "results": [
    {
      "command": "/Users/benvds/code/complexity-guard/target/release/complexity-guard --format json --fail-on none /Users/benvds/code/complexity-guard/benchmarks/projects/debug",
      "mean": 0.004899938593333335,
      "stddev": 0.000583084637009863,
      "median": 0.005042443860000001,
      "user": 0.005694453333333333,
      "system": 0.0034405666666666667,
      "min": 0.0036960698600000015,
      "max": 0.006021485860000002,
      "times": [
        0.0036960698600000015,
        0.004356360860000002,
        0.004342860860000002,
        0.004612193860000001,
        0.005042443860000001,
        0.004760526860000001,
        0.005508985860000001,
        0.005226860860000002,
        0.005081568860000002,
        0.006021485860000002,
        0.005400110860000001,
        0.005168068860000001,
        0.004856360860000001,
        0.004254694860000002,
        0.005170485860000001
      ],
      "memory_usage_byte": [
        4505600,
        4538368,
        4538368,
        4538368,
        4538368,
        4538368,
        4538368,
        4538368,
        4538368,
        4538368,
        4538368,
        4538368,
        4538368,
        4538368,
        4538368
      ],
      "exit_codes": [
        0,
        0,
        0,
        0,
        0,
        0,
        0,
        0,
        0,
        0,
        0,
        0,
        0,
        0,
        0
      ]
    }
  ]
}
