{
  "results": [
    {
      "command": "/Users/benvds/code/complexity-guard/target/release/complexity-guard --format json --fail-on none /Users/benvds/code/complexity-guard/benchmarks/projects/deno",
      "mean": 0.8659407784866666,
      "stddev": 0.01677826681920785,
      "median": 0.8617415540200001,
      "user": 2.0276501066666666,
      "system": 0.2273222933333333,
      "min": 0.8369186790200001,
      "max": 0.89936105302,
      "times": [
        0.88299730302,
        0.86098376202,
        0.86774322002,
        0.8617415540200001,
        0.8559913870200001,
        0.8369186790200001,
        0.85584322002,
        0.89936105302,
        0.8970687610200001,
        0.8505502620200001,
        0.87176492802,
        0.85348401202,
        0.8700299290200001,
        0.86048413702,
        0.8641494700200001
      ],
      "memory_usage_byte": [
        225427456,
        225427456,
        225427456,
        225427456,
        225427456,
        225492992,
        225492992,
        225492992,
        225492992,
        225492992,
        225492992,
        225492992,
        225509376,
        225509376,
        225509376
      ],
      "exit_codes": [
        0,
        0,
        0,
        0,
        0,
        0,
        0,
        0,
        0,
        0,
        0,
        0,
        0,
        0,
        0
      ]
    }
  ]
}
