{
  "results": [
    {
      "command": "/Users/benvds/code/complexity-guard/target/release/complexity-guard --format json --fail-on none /Users/benvds/code/complexity-guard/benchmarks/projects/deno",
      "mean": 0.43086563958,
      "stddev": 0.012716841932716164,
      "median": 0.43235635338000006,
      "user": 1.4513931266666664,
      "system": 0.31767560666666667,
      "min": 0.40853202038,
      "max": 0.45071718638,
      "times": [
        0.42661831238000003,
        0.40853202038,
        0.45071718638,
        0.43235635338000006,
        0.44012756138000003,
        0.44171860338,
        0.43541585338000005,
        0.43143310338,
        0.42972822838,
        0.43558597838,
        0.42070747838000006,
        0.41511077038000005,
        0.44918160338,
        0.41087181238000003,
        0.43487972838000005
      ],
      "memory_usage_byte": [
        50184192,
        50184192,
        50184192,
        50184192,
        50184192,
        50184192,
        50184192,
        50266112,
        50266112,
        50266112,
        50266112,
        50266112,
        50266112,
        50266112,
        50266112
      ],
      "exit_codes": [
        0,
        0,
        0,
        0,
        0,
        0,
        0,
        0,
        0,
        0,
        0,
        0,
        0,
        0,
        0
      ]
    }
  ]
}
