{
  "results": [
    {
      "command": "/Users/benvds/code/complexity-guard/target/release/complexity-guard --format json --fail-on none /Users/benvds/code/complexity-guard/benchmarks/projects/dotenv",
      "mean": 0.006263691766666664,
      "stddev": 0.0008016125801246301,
      "median": 0.006134016699999998,
      "user": 0.011803293333333334,
      "system": 0.0036423533333333332,
      "min": 0.004755474699999998,
      "max": 0.007703433699999998,
      "times": [
        0.006243808699999999,
        0.005959349699999998,
        0.006038058699999998,
        0.006490682699999998,
        0.005802057699999998,
        0.006784516699999998,
        0.005878975699999999,
        0.007230850699999998,
        0.006855558699999998,
        0.005218391699999998,
        0.006134016699999998,
        0.007703433699999998,
        0.004755474699999998,
        0.005602391699999999,
        0.007257808699999998
      ],
      "memory_usage_byte": [
        5767168,
        5767168,
        5767168,
        5783552,
        5783552,
        5783552,
        5783552,
        5783552,
        5783552,
        5783552,
        5783552,
        5783552,
        5783552,
        5783552,
        5783552
      ],
      "exit_codes": [
        0,
        0,
        0,
        0,
        0,
        0,
        0,
        0,
        0,
        0,
        0,
        0,
        0,
        0,
        0
      ]
    }
  ]
}
