{
  "results": [
    {
      "command": "/Users/benvds/code/complexity-guard/target/release/complexity-guard --format json --fail-on none /Users/benvds/code/complexity-guard/benchmarks/projects/dotenv",
      "mean": 0.006133660146666667,
      "stddev": 0.0008651859790657618,
      "median": 0.0059792186800000004,
      "user": 0.011841259999999998,
      "system": 0.004416053333333334,
      "min": 0.0051981766799999995,
      "max": 0.00803642668,
      "times": [
        0.00526909368,
        0.0053982186800000005,
        0.006020760679999999,
        0.006510135679999999,
        0.005659384680000001,
        0.0060157186800000005,
        0.005419676679999999,
        0.0059792186800000004,
        0.006100134679999999,
        0.00676913568,
        0.00803642668,
        0.0051981766799999995,
        0.00792292668,
        0.00580459268,
        0.00590130168
      ],
      "memory_usage_byte": [
        5898240,
        5898240,
        5898240,
        5898240,
        5898240,
        5898240,
        5898240,
        5898240,
        5947392,
        5947392,
        5947392,
        5947392,
        5947392,
        5947392,
        5947392
      ],
      "exit_codes": [
        0,
        0,
        0,
        0,
        0,
        0,
        0,
        0,
        0,
        0,
        0,
        0,
        0,
        0,
        0
      ]
    }
  ]
}
