{
  "results": [
    {
      "command": "/Users/benvds/code/complexity-guard/target/release/complexity-guard --format json --fail-on none /Users/benvds/code/complexity-guard/benchmarks/projects/effect",
      "mean": 0.49163230086000004,
      "stddev": 0.06718402330836933,
      "median": 0.48045698446,
      "user": 2.8096677733333326,
      "system": 0.11359839333333334,
      "min": 0.40657927546,
      "max": 0.68664998446,
      "times": [
        0.5176999424600001,
        0.47562660946,
        0.40657927546,
        0.68664998446,
        0.45692135946,
        0.44012785946,
        0.49340031746,
        0.50238640046,
        0.45175835946,
        0.46389044246,
        0.53593294246,
        0.42235885946,
        0.55289623346,
        0.48045698446,
        0.48779894246
      ],
      "memory_usage_byte": [
        75841536,
        75841536,
        75841536,
        75841536,
        75841536,
        76414976,
        76414976,
        76414976,
        76414976,
        80052224,
        80052224,
        80052224,
        80052224,
        80052224,
        80052224
      ],
      "exit_codes": [
        0,
        0,
        0,
        0,
        0,
        0,
        0,
        0,
        0,
        0,
        0,
        0,
        0,
        0,
        0
      ]
    }
  ]
}
