{
  "results": [
    {
      "command": "/Users/benvds/code/complexity-guard/target/release/complexity-guard --format json --fail-on none /Users/benvds/code/complexity-guard/benchmarks/projects/eslint",
      "mean": 0.19969414602000007,
      "stddev": 0.009569465458734267,
      "median": 0.19789431802000002,
      "user": 1.4405574733333333,
      "system": 0.09410997333333333,
      "min": 0.18528394302,
      "max": 0.21368436002000002,
      "times": [
        0.20486419302000003,
        0.19745265202,
        0.21357365202000003,
        0.21368436002000002,
        0.18951406802,
        0.21326436002000002,
        0.18528394302,
        0.19789431802000002,
        0.19588844302000002,
        0.19672411002,
        0.19935573502,
        0.19102173502000003,
        0.20998677602000002,
        0.19980598502000002,
        0.18709786002
      ],
      "memory_usage_byte": [
        31260672,
        31260672,
        31260672,
        31260672,
        31260672,
        31260672,
        33095680,
        33095680,
        33095680,
        33095680,
        33095680,
        35340288,
        35340288,
        35340288,
        35340288
      ],
      "exit_codes": [
        0,
        0,
        0,
        0,
        0,
        0,
        0,
        0,
        0,
        0,
        0,
        0,
        0,
        0,
        0
      ]
    }
  ]
}
