{
  "results": [
    {
      "command": "/Users/benvds/code/complexity-guard/target/release/complexity-guard --format json --fail-on none /Users/benvds/code/complexity-guard/benchmarks/projects/excalidraw",
      "mean": 0.07593816034666667,
      "stddev": 0.005627916330840709,
      "median": 0.07518403228000001,
      "user": 0.44708044666666674,
      "system": 0.021030213333333332,
      "min": 0.06515024127999999,
      "max": 0.08495528328000002,
      "times": [
        0.08271078228,
        0.08495528328000002,
        0.06515024127999999,
        0.06792069928,
        0.07325807428,
        0.07910553228,
        0.07099257428,
        0.07959907428000002,
        0.07303382427999999,
        0.07603982428,
        0.08139386528,
        0.08165853228,
        0.07309407428,
        0.07518403228000001,
        0.07497599128000002
      ],
      "memory_usage_byte": [
        20692992,
        20692992,
        20692992,
        20758528,
        20758528,
        20758528,
        20758528,
        20758528,
        20758528,
        20758528,
        20758528,
        20758528,
        20758528,
        20758528,
        20758528
      ],
      "exit_codes": [
        0,
        0,
        0,
        0,
        0,
        0,
        0,
        0,
        0,
        0,
        0,
        0,
        0,
        0,
        0
      ]
    }
  ]
}
