{
  "results": [
    {
      "command": "/Users/benvds/code/complexity-guard/target/release/complexity-guard --format json --fail-on none /Users/benvds/code/complexity-guard/benchmarks/projects/excalidraw",
      "mean": 0.07424445851999999,
      "stddev": 0.005843146826558527,
      "median": 0.07516902212,
      "user": 0.4624245399999999,
      "system": 0.027837466666666665,
      "min": 0.06332714712,
      "max": 0.08438393912,
      "times": [
        0.07958423012,
        0.07905543912,
        0.06569814812000001,
        0.07312177212,
        0.07167785512,
        0.07844443912,
        0.07603789712,
        0.07233577312,
        0.07854714812000001,
        0.08438393912,
        0.06756135612,
        0.06332714712,
        0.07853818912,
        0.07018452212,
        0.07516902212
      ],
      "memory_usage_byte": [
        19759104,
        19759104,
        23150592,
        23150592,
        23150592,
        23150592,
        23150592,
        23150592,
        23150592,
        23150592,
        23314432,
        23314432,
        23314432,
        23314432,
        23314432
      ],
      "exit_codes": [
        0,
        0,
        0,
        0,
        0,
        0,
        0,
        0,
        0,
        0,
        0,
        0,
        0,
        0,
        0
      ]
    }
  ]
}
