{
  "results": [
    {
      "command": "/Users/benvds/code/complexity-guard/target/release/complexity-guard --format json --fail-on none /Users/benvds/code/complexity-guard/benchmarks/projects/express",
      "mean": 0.02012574086666667,
      "stddev": 0.0008830171876458148,
      "median": 0.020125040800000004,
      "user": 0.10806891999999998,
      "system": 0.010257686666666665,
      "min": 0.018812040800000002,
      "max": 0.022415082800000003,
      "times": [
        0.0210240408,
        0.019625332800000003,
        0.0197933318,
        0.0201327908,
        0.022415082800000003,
        0.020125040800000004,
        0.019513665800000003,
        0.020579165800000004,
        0.019449624800000002,
        0.020235415800000003,
        0.019904082800000004,
        0.019136749800000002,
        0.020176081800000002,
        0.020963665800000003,
        0.018812040800000002
      ],
      "memory_usage_byte": [
        9027584,
        9256960,
        9256960,
        9371648,
        9371648,
        9371648,
        9371648,
        9650176,
        9650176,
        9650176,
        9650176,
        9650176,
        9650176,
        9650176,
        9650176
      ],
      "exit_codes": [
        0,
        0,
        0,
        0,
        0,
        0,
        0,
        0,
        0,
        0,
        0,
        0,
        0,
        0,
        0
      ]
    }
  ]
}
