{
  "results": [
    {
      "command": "/Users/benvds/code/complexity-guard/target/release/complexity-guard --format json --fail-on none /Users/benvds/code/complexity-guard/benchmarks/projects/express",
      "mean": 0.021975786133333335,
      "stddev": 0.0024425855687749483,
      "median": 0.0212667064,
      "user": 0.10274697999999999,
      "system": 0.013297013333333333,
      "min": 0.018315872400000002,
      "max": 0.0257579554,
      "times": [
        0.0257579554,
        0.0204500804,
        0.0197665394,
        0.0212667064,
        0.0196457054,
        0.0189480804,
        0.0216741644,
        0.0248602064,
        0.024579830400000002,
        0.018315872400000002,
        0.0254728304,
        0.022585580400000003,
        0.0240494134,
        0.0210965384,
        0.0211672884
      ],
      "memory_usage_byte": [
        9404416,
        9404416,
        9961472,
        9961472,
        9961472,
        9961472,
        9961472,
        9961472,
        9961472,
        9961472,
        9961472,
        9961472,
        9961472,
        9961472,
        9961472
      ],
      "exit_codes": [
        0,
        0,
        0,
        0,
        0,
        0,
        0,
        0,
        0,
        0,
        0,
        0,
        0,
        0,
        0
      ]
    }
  ]
}
