{
  "results": [
    {
      "command": "/Users/benvds/code/complexity-guard/target/release/complexity-guard --format json --fail-on none /Users/benvds/code/complexity-guard/benchmarks/projects/fastify",
      "mean": 0.06079287531333333,
      "stddev": 0.005082041644317251,
      "median": 0.059802160980000005,
      "user": 0.40623078000000007,
      "system": 0.015658753333333334,
      "min": 0.053447369980000006,
      "max": 0.07531303598,
      "times": [
        0.059802160980000005,
        0.05621091098,
        0.06346807798000001,
        0.06472424498,
        0.06199036998,
        0.06366907798,
        0.05885236998,
        0.056884494980000005,
        0.05823382798,
        0.07531303598,
        0.062178744980000006,
        0.053447369980000006,
        0.057928369980000005,
        0.05819711998,
        0.06099295298
      ],
      "memory_usage_byte": [
        19464192,
        19464192,
        19464192,
        19464192,
        19464192,
        19464192,
        19464192,
        19464192,
        19464192,
        19464192,
        19464192,
        19464192,
        19464192,
        19464192,
        19464192
      ],
      "exit_codes": [
        0,
        0,
        0,
        0,
        0,
        0,
        0,
        0,
        0,
        0,
        0,
        0,
        0,
        0,
        0
      ]
    }
  ]
}
