{
  "results": [
    {
      "command": "/Users/benvds/code/complexity-guard/target/release/complexity-guard --format json --fail-on none /Users/benvds/code/complexity-guard/benchmarks/projects/fastify",
      "mean": 0.058590494386666664,
      "stddev": 0.004408560173493277,
      "median": 0.05896830072000001,
      "user": 0.4244266599999999,
      "system": 0.02006081333333333,
      "min": 0.05194067472,
      "max": 0.06798750771999999,
      "times": [
        0.05904505072,
        0.05720679972000001,
        0.06468829972,
        0.055363216720000004,
        0.05914334172,
        0.05194067472,
        0.059736007720000005,
        0.052660841720000004,
        0.05818842472000001,
        0.05868988272000001,
        0.05934288372000001,
        0.052880175720000006,
        0.05896830072000001,
        0.06798750771999999,
        0.06301600772
      ],
      "memory_usage_byte": [
        19464192,
        19464192,
        19464192,
        19464192,
        19464192,
        19464192,
        19464192,
        19464192,
        19464192,
        19464192,
        19464192,
        19464192,
        19464192,
        19464192,
        20398080
      ],
      "exit_codes": [
        0,
        0,
        0,
        0,
        0,
        0,
        0,
        0,
        0,
        0,
        0,
        0,
        0,
        0,
        0
      ]
    }
  ]
}
