{
  "results": [
    {
      "command": "/Users/benvds/code/complexity-guard/target/release/complexity-guard --format json --fail-on none /Users/benvds/code/complexity-guard/benchmarks/projects/got",
      "mean": 0.026729302846666667,
      "stddev": 0.014755002849404928,
      "median": 0.02354149098,
      "user": 0.11396985333333333,
      "system": 0.008417459999999998,
      "min": 0.019941199979999998,
      "max": 0.07964357497999999,
      "times": [
        0.026609658980000003,
        0.024149699979999998,
        0.02405928398,
        0.02354149098,
        0.02481607498,
        0.07964357497999999,
        0.023883741979999998,
        0.02191632498,
        0.02448432498,
        0.020732324979999998,
        0.021906240979999998,
        0.02341753398,
        0.02131203398,
        0.020526032979999997,
        0.019941199979999998
      ],
      "memory_usage_byte": [
        12206080,
        12206080,
        12206080,
        12206080,
        12206080,
        12206080,
        12206080,
        12206080,
        12206080,
        12500992,
        12550144,
        12550144,
        12550144,
        12550144,
        12550144
      ],
      "exit_codes": [
        0,
        0,
        0,
        0,
        0,
        0,
        0,
        0,
        0,
        0,
        0,
        0,
        0,
        0,
        0
      ]
    }
  ]
}
