{
  "results": [
    {
      "command": "/Users/benvds/code/complexity-guard/target/release/complexity-guard --format json --fail-on none /Users/benvds/code/complexity-guard/benchmarks/projects/got",
      "mean": 0.02314833386,
      "stddev": 0.0014420950579248134,
      "median": 0.02300145306,
      "user": 0.11105565999999999,
      "system": 0.009257706666666667,
      "min": 0.02058987006,
      "max": 0.02549803606,
      "times": [
        0.02112657906,
        0.02300145306,
        0.02387641206,
        0.02217157806,
        0.02058987006,
        0.02446520306,
        0.02195366106,
        0.02278437006,
        0.02232112006,
        0.02494178706,
        0.02337466206,
        0.02258162006,
        0.02509837006,
        0.02344028606,
        0.02549803606
      ],
      "memory_usage_byte": [
        12386304,
        12386304,
        12484608,
        12484608,
        12484608,
        12484608,
        12484608,
        12484608,
        12484608,
        12484608,
        12484608,
        12484608,
        12484608,
        12484608,
        12484608
      ],
      "exit_codes": [
        0,
        0,
        0,
        0,
        0,
        0,
        0,
        0,
        0,
        0,
        0,
        0,
        0,
        0,
        0
      ]
    }
  ]
}
