{
  "results": [
    {
      "command": "/Users/benvds/code/complexity-guard/target/release/complexity-guard --format json --fail-on none /Users/benvds/code/complexity-guard/benchmarks/projects/grunt",
      "mean": 0.013670359180000001,
      "stddev": 0.001085741581500589,
      "median": 0.013828842780000003,
      "user": 0.03635294666666666,
      "system": 0.005497486666666666,
      "min": 0.011904133780000003,
      "max": 0.015428591780000004,
      "times": [
        0.012648259780000004,
        0.012906175780000001,
        0.015428591780000004,
        0.012016300780000003,
        0.014829884780000004,
        0.013828842780000003,
        0.014610383780000003,
        0.012870300780000003,
        0.012795591780000004,
        0.014404300780000004,
        0.013688967780000002,
        0.014465717780000002,
        0.014668425780000001,
        0.011904133780000003,
        0.013989509780000003
      ],
      "memory_usage_byte": [
        7503872,
        7503872,
        7536640,
        7536640,
        7536640,
        7536640,
        7536640,
        7569408,
        7569408,
        7569408,
        7798784,
        7979008,
        7979008,
        7979008,
        7979008
      ],
      "exit_codes": [
        0,
        0,
        0,
        0,
        0,
        0,
        0,
        0,
        0,
        0,
        0,
        0,
        0,
        0,
        0
      ]
    }
  ]
}
