{
  "results": [
    {
      "command": "/Users/benvds/code/complexity-guard/target/release/complexity-guard --format json --fail-on none /Users/benvds/code/complexity-guard/benchmarks/projects/grunt",
      "mean": 0.01417239858,
      "stddev": 0.0008382103586696905,
      "median": 0.013835595780000001,
      "user": 0.03703765333333332,
      "system": 0.007098566666666666,
      "min": 0.01310063778,
      "max": 0.01631688778,
      "times": [
        0.013418970780000001,
        0.013565553780000003,
        0.01412284578,
        0.015284803780000002,
        0.01631688778,
        0.013728720780000002,
        0.01382747078,
        0.01371309578,
        0.014269804780000003,
        0.01310063778,
        0.01493005378,
        0.013534220780000002,
        0.014237928780000002,
        0.01469938778,
        0.013835595780000001
      ],
      "memory_usage_byte": [
        7389184,
        7389184,
        7389184,
        7389184,
        7389184,
        7487488,
        7585792,
        7716864,
        7716864,
        7716864,
        7716864,
        8273920,
        8273920,
        8273920,
        8273920
      ],
      "exit_codes": [
        0,
        0,
        0,
        0,
        0,
        0,
        0,
        0,
        0,
        0,
        0,
        0,
        0,
        0,
        0
      ]
    }
  ]
}
