{
  "results": [
    {
      "command": "/Users/benvds/code/complexity-guard/target/release/complexity-guard --format json --fail-on none /Users/benvds/code/complexity-guard/benchmarks/projects/grunt",
      "mean": 0.013583492700000002,
      "stddev": 0.0008389224761426157,
      "median": 0.0136308653,
      "user": 0.03597148666666667,
      "system": 0.0054874,
      "min": 0.012017406299999998,
      "max": 0.014975656300000001,
      "times": [
        0.0136308653,
        0.012852365300000002,
        0.014243115300000001,
        0.012620114299999999,
        0.0134573653,
        0.013285364300000001,
        0.014975656300000001,
        0.013310490300000002,
        0.0148956983,
        0.013860156299999999,
        0.0139849903,
        0.013893906300000002,
        0.012017406299999998,
        0.0141464483,
        0.0125784483
      ],
      "memory_usage_byte": [
        7290880,
        7454720,
        7454720,
        8077312,
        8077312,
        8077312,
        8077312,
        8077312,
        8077312,
        8077312,
        8077312,
        8077312,
        8077312,
        8077312,
        8077312
      ],
      "exit_codes": [
        0,
        0,
        0,
        0,
        0,
        0,
        0,
        0,
        0,
        0,
        0,
        0,
        0,
        0,
        0
      ]
    }
  ]
}
