{
  "results": [
    {
      "command": "/Users/benvds/code/complexity-guard/target/release/complexity-guard --format json --fail-on none /Users/benvds/code/complexity-guard/benchmarks/projects/h3",
      "mean": 0.015965991933333333,
      "stddev": 0.0029647614089076107,
      "median": 0.0157192474,
      "user": 0.06491259333333334,
      "system": 0.009790099999999998,
      "min": 0.0122434144,
      "max": 0.0224477474,
      "times": [
        0.012720914399999998,
        0.0122434144,
        0.013168414399999998,
        0.0168409144,
        0.0166751224,
        0.0189836224,
        0.015099372399999998,
        0.012871206399999998,
        0.0210093724,
        0.0224477474,
        0.0158027474,
        0.0162152474,
        0.0147167474,
        0.014975788399999999,
        0.0157192474
      ],
      "memory_usage_byte": [
        10797056,
        10928128,
        10928128,
        10928128,
        10928128,
        10928128,
        10928128,
        10928128,
        10928128,
        10928128,
        10928128,
        10928128,
        10928128,
        10928128,
        10928128
      ],
      "exit_codes": [
        0,
        0,
        0,
        0,
        0,
        0,
        0,
        0,
        0,
        0,
        0,
        0,
        0,
        0,
        0
      ]
    }
  ]
}
