{
  "results": [
    {
      "command": "/Users/benvds/code/complexity-guard/target/release/complexity-guard --format json --fail-on none /Users/benvds/code/complexity-guard/benchmarks/projects/h3",
      "mean": 0.014887560373333336,
      "stddev": 0.0010892286620848366,
      "median": 0.014982407239999999,
      "user": 0.06510647333333333,
      "system": 0.007242633333333332,
      "min": 0.01358536624,
      "max": 0.01700990824,
      "times": [
        0.015519533240000001,
        0.013844949240000001,
        0.01700990824,
        0.015117282239999998,
        0.01383486524,
        0.015287158240000001,
        0.01591486624,
        0.01604503224,
        0.01611440724,
        0.014982407239999999,
        0.01358536624,
        0.01382344924,
        0.014708033240000001,
        0.01376386524,
        0.01376228224
      ],
      "memory_usage_byte": [
        10272768,
        10338304,
        10338304,
        10338304,
        10338304,
        10338304,
        10338304,
        10338304,
        10338304,
        10338304,
        10452992,
        10452992,
        10452992,
        10452992,
        10452992
      ],
      "exit_codes": [
        0,
        0,
        0,
        0,
        0,
        0,
        0,
        0,
        0,
        0,
        0,
        0,
        0,
        0,
        0
      ]
    }
  ]
}
