{
  "results": [
    {
      "command": "/Users/benvds/code/complexity-guard/target/release/complexity-guard --format json --fail-on none /Users/benvds/code/complexity-guard/benchmarks/projects/h3",
      "mean": 0.018728120613333333,
      "stddev": 0.011420414582885613,
      "median": 0.01498011468,
      "user": 0.0650963,
      "system": 0.008067493333333333,
      "min": 0.013378489680000001,
      "max": 0.05679940668,
      "times": [
        0.01548307368,
        0.01475878168,
        0.01595628168,
        0.013657489679999999,
        0.01450469868,
        0.01421944868,
        0.01342299068,
        0.01672478168,
        0.013378489680000001,
        0.014502823679999999,
        0.05679940668,
        0.03156273968000001,
        0.01512623968,
        0.01584444868,
        0.01498011468
      ],
      "memory_usage_byte": [
        10797056,
        10797056,
        10797056,
        10797056,
        10797056,
        10797056,
        10797056,
        10797056,
        10797056,
        10797056,
        10797056,
        10797056,
        10797056,
        10797056,
        10797056
      ],
      "exit_codes": [
        0,
        0,
        0,
        0,
        0,
        0,
        0,
        0,
        0,
        0,
        0,
        0,
        0,
        0,
        0
      ]
    }
  ]
}
