{
  "results": [
    {
      "command": "/Users/benvds/code/complexity-guard/target/release/complexity-guard --format json --fail-on none /Users/benvds/code/complexity-guard/benchmarks/projects/hono",
      "mean": 0.05960184562,
      "stddev": 0.003882580736719416,
      "median": 0.060537815019999996,
      "user": 0.36599852666666666,
      "system": 0.019748899999999996,
      "min": 0.05403227302,
      "max": 0.06678219002,
      "times": [
        0.05403227302,
        0.060537815019999996,
        0.057709648020000004,
        0.05649339802,
        0.06123610702,
        0.055269732020000004,
        0.06678219002,
        0.062412898019999996,
        0.05565860702,
        0.06279685702,
        0.05655044002,
        0.06320231502,
        0.055642149020000004,
        0.06255785702,
        0.06314539802000001
      ],
      "memory_usage_byte": [
        20774912,
        20774912,
        20774912,
        20774912,
        20774912,
        24133632,
        24133632,
        24133632,
        24133632,
        24133632,
        24133632,
        24133632,
        24133632,
        24133632,
        24133632
      ],
      "exit_codes": [
        0,
        0,
        0,
        0,
        0,
        0,
        0,
        0,
        0,
        0,
        0,
        0,
        0,
        0,
        0
      ]
    }
  ]
}
