{
  "results": [
    {
      "command": "/Users/benvds/code/complexity-guard/target/release/complexity-guard --format json --fail-on none /Users/benvds/code/complexity-guard/benchmarks/projects/hono",
      "mean": 0.06026826700000001,
      "stddev": 0.003373616565018173,
      "median": 0.06083262180000001,
      "user": 0.3816658733333334,
      "system": 0.026939459999999995,
      "min": 0.053436163800000006,
      "max": 0.0663843308,
      "times": [
        0.0629113728,
        0.0608964138,
        0.0663843308,
        0.053436163800000006,
        0.060221996800000004,
        0.06529549779999999,
        0.061135038800000006,
        0.057819039800000006,
        0.06083262180000001,
        0.0604414978,
        0.055530330800000006,
        0.057132914800000004,
        0.06099437280000001,
        0.05935816480000001,
        0.06163424780000001
      ],
      "memory_usage_byte": [
        23855104,
        23855104,
        23855104,
        25149440,
        25149440,
        25149440,
        25149440,
        25149440,
        25149440,
        25149440,
        25149440,
        25149440,
        25149440,
        25149440,
        25149440
      ],
      "exit_codes": [
        0,
        0,
        0,
        0,
        0,
        0,
        0,
        0,
        0,
        0,
        0,
        0,
        0,
        0,
        0
      ]
    }
  ]
}
