{
  "results": [
    {
      "command": "/Users/benvds/code/complexity-guard/target/release/complexity-guard --format json --fail-on none /Users/benvds/code/complexity-guard/benchmarks/projects/jasmine",
      "mean": 0.03438408066666667,
      "stddev": 0.0017423118766136507,
      "median": 0.0343711638,
      "user": 0.19783468666666668,
      "system": 0.0199313,
      "min": 0.0320412058,
      "max": 0.0374147888,
      "times": [
        0.0358815388,
        0.033009705800000004,
        0.0343711638,
        0.032353288800000005,
        0.0374147888,
        0.035824330800000005,
        0.0347967478,
        0.0339364138,
        0.0320412058,
        0.0334128718,
        0.0324130388,
        0.035822497800000005,
        0.0365019138,
        0.0323427478,
        0.035638955800000004
      ],
      "memory_usage_byte": [
        13467648,
        14073856,
        14073856,
        14073856,
        14073856,
        14073856,
        14073856,
        14073856,
        14073856,
        14073856,
        14073856,
        14073856,
        14073856,
        14073856,
        14073856
      ],
      "exit_codes": [
        0,
        0,
        0,
        0,
        0,
        0,
        0,
        0,
        0,
        0,
        0,
        0,
        0,
        0,
        0
      ]
    }
  ]
}
