{
  "results": [
    {
      "command": "/Users/benvds/code/complexity-guard/target/release/complexity-guard --format json --fail-on none /Users/benvds/code/complexity-guard/benchmarks/projects/jasmine",
      "mean": 0.04107852717333334,
      "stddev": 0.002905675757151079,
      "median": 0.04096878024,
      "user": 0.22586604666666663,
      "system": 0.01427618,
      "min": 0.03621011324,
      "max": 0.04596144624,
      "times": [
        0.03692232124000001,
        0.03621011324,
        0.03929944724000001,
        0.038135571240000006,
        0.04329611324,
        0.041199238240000005,
        0.04178932124,
        0.04504728024000001,
        0.04096878024,
        0.04400632124000001,
        0.03901519724000001,
        0.043533863240000005,
        0.040929280240000004,
        0.04596144624,
        0.039863613240000005
      ],
      "memory_usage_byte": [
        18235392,
        18235392,
        18235392,
        18399232,
        18399232,
        18399232,
        18399232,
        18399232,
        18399232,
        18399232,
        18399232,
        18399232,
        19595264,
        19595264,
        19595264
      ],
      "exit_codes": [
        0,
        0,
        0,
        0,
        0,
        0,
        0,
        0,
        0,
        0,
        0,
        0,
        0,
        0,
        0
      ]
    }
  ]
}
