{
  "results": [
    {
      "command": "/Users/benvds/code/complexity-guard/target/release/complexity-guard --format json --fail-on none /Users/benvds/code/complexity-guard/benchmarks/projects/jest",
      "mean": 0.12886820917333333,
      "stddev": 0.006207671236040333,
      "median": 0.12922493344,
      "user": 0.7491214933333336,
      "system": 0.12558579333333333,
      "min": 0.12123105944000001,
      "max": 0.14144510044,
      "times": [
        0.13218868444,
        0.12865572644,
        0.12385843444,
        0.13057597644,
        0.12123105944000001,
        0.13126347544,
        0.12975405944,
        0.12257001744000001,
        0.12183793443999999,
        0.12478014243999999,
        0.12282680943999999,
        0.12922493344,
        0.13313943344,
        0.14144510044,
        0.13967135044
      ],
      "memory_usage_byte": [
        23035904,
        23478272,
        23478272,
        24035328,
        24035328,
        24166400,
        24166400,
        24166400,
        24215552,
        24215552,
        24215552,
        24215552,
        24215552,
        24215552,
        24215552
      ],
      "exit_codes": [
        0,
        0,
        0,
        0,
        0,
        0,
        0,
        0,
        0,
        0,
        0,
        0,
        0,
        0,
        0
      ]
    }
  ]
}
