{
  "results": [
    {
      "command": "/Users/benvds/code/complexity-guard/target/release/complexity-guard --format json --fail-on none /Users/benvds/code/complexity-guard/benchmarks/projects/joi",
      "mean": 0.04394818771333333,
      "stddev": 0.004857986502154138,
      "median": 0.043914793980000005,
      "user": 0.24299820000000003,
      "system": 0.011222133333333332,
      "min": 0.03662345998,
      "max": 0.05259033498000001,
      "times": [
        0.05259033498000001,
        0.05181350198,
        0.043396167980000004,
        0.04547487598,
        0.04017020998,
        0.038475292980000006,
        0.043914793980000005,
        0.03724350198,
        0.03662345998,
        0.04117604298,
        0.042057334980000007,
        0.044324875980000004,
        0.04691062698,
        0.048667334980000004,
        0.04638445998000001
      ],
      "memory_usage_byte": [
        30179328,
        30179328,
        30179328,
        30179328,
        30179328,
        30179328,
        30179328,
        30179328,
        30179328,
        30179328,
        30179328,
        30179328,
        30179328,
        30179328,
        30179328
      ],
      "exit_codes": [
        0,
        0,
        0,
        0,
        0,
        0,
        0,
        0,
        0,
        0,
        0,
        0,
        0,
        0,
        0
      ]
    }
  ]
}
