{
  "results": [
    {
      "command": "/Users/benvds/code/complexity-guard/target/release/complexity-guard --format json --fail-on none /Users/benvds/code/complexity-guard/benchmarks/projects/jotai",
      "mean": 0.025110021160000003,
      "stddev": 0.0016449118833266772,
      "median": 0.02494030196,
      "user": 0.12744594,
      "system": 0.011325626666666666,
      "min": 0.022441051960000003,
      "max": 0.027305301960000004,
      "times": [
        0.026911051960000005,
        0.024356884960000002,
        0.024245801960000004,
        0.02494030196,
        0.026392384960000004,
        0.022441051960000003,
        0.027096551960000003,
        0.02343700996,
        0.023336467960000003,
        0.027305301960000004,
        0.02347500996,
        0.02678725996,
        0.026403759960000002,
        0.025858842960000003,
        0.02366263496
      ],
      "memory_usage_byte": [
        14204928,
        14204928,
        14254080,
        14254080,
        14254080,
        14401536,
        14401536,
        14401536,
        14401536,
        14401536,
        14401536,
        14401536,
        14401536,
        14401536,
        14401536
      ],
      "exit_codes": [
        0,
        0,
        0,
        0,
        0,
        0,
        0,
        0,
        0,
        0,
        0,
        0,
        0,
        0,
        0
      ]
    }
  ]
}
