{
  "results": [
    {
      "command": "/Users/benvds/code/complexity-guard/target/release/complexity-guard --format json --fail-on none /Users/benvds/code/complexity-guard/benchmarks/projects/jotai",
      "mean": 0.02440127904,
      "stddev": 0.0011259327252505682,
      "median": 0.024154228840000003,
      "user": 0.12856170666666666,
      "system": 0.015096573333333333,
      "min": 0.022574062840000002,
      "max": 0.02642927084,
      "times": [
        0.024133603840000004,
        0.02642927084,
        0.023704395840000003,
        0.025741062840000002,
        0.02474356184,
        0.025301728840000003,
        0.02414589584,
        0.022574062840000002,
        0.02342077084,
        0.024154228840000003,
        0.022990978840000002,
        0.025369186840000002,
        0.025727395840000004,
        0.023291145840000003,
        0.02429189584
      ],
      "memory_usage_byte": [
        14188544,
        14385152,
        14385152,
        14385152,
        14385152,
        14385152,
        14385152,
        14385152,
        14385152,
        14385152,
        14385152,
        14385152,
        14385152,
        14385152,
        14385152
      ],
      "exit_codes": [
        0,
        0,
        0,
        0,
        0,
        0,
        0,
        0,
        0,
        0,
        0,
        0,
        0,
        0,
        0
      ]
    }
  ]
}
