{
  "results": [
    {
      "command": "/Users/benvds/code/complexity-guard/target/release/complexity-guard --format json --fail-on none /Users/benvds/code/complexity-guard/benchmarks/projects/jshint",
      "mean": 0.06557115186666668,
      "stddev": 0.004825332214165669,
      "median": 0.06584724880000001,
      "user": 0.2933329333333333,
      "system": 0.015878760000000002,
      "min": 0.055893207800000004,
      "max": 0.07293816580000001,
      "times": [
        0.06883116580000001,
        0.0611420408,
        0.0689091238,
        0.06584724880000001,
        0.0626700408,
        0.06269841579999999,
        0.0728189578,
        0.07293816580000001,
        0.062115665800000004,
        0.06601187380000001,
        0.06659983180000001,
        0.0634973738,
        0.07163837480000002,
        0.0619557908,
        0.055893207800000004
      ],
      "memory_usage_byte": [
        40009728,
        40009728,
        40009728,
        40747008,
        40747008,
        40747008,
        40747008,
        40747008,
        40747008,
        40747008,
        40747008,
        40747008,
        40747008,
        40747008,
        40747008
      ],
      "exit_codes": [
        0,
        0,
        0,
        0,
        0,
        0,
        0,
        0,
        0,
        0,
        0,
        0,
        0,
        0,
        0
      ]
    }
  ]
}
