{
  "results": [
    {
      "command": "/Users/benvds/code/complexity-guard/target/release/complexity-guard --format json --fail-on none /Users/benvds/code/complexity-guard/benchmarks/projects/jshint",
      "mean": 0.05188661251333334,
      "stddev": 0.0032482081728192292,
      "median": 0.05153343758,
      "user": 0.24584272666666662,
      "system": 0.019777160000000002,
      "min": 0.046829020580000005,
      "max": 0.056886978580000004,
      "times": [
        0.049607395580000005,
        0.05178856258,
        0.051268520580000004,
        0.05250572958,
        0.05153343758,
        0.056886978580000004,
        0.055386104580000005,
        0.055110396580000005,
        0.046829020580000005,
        0.047496353580000004,
        0.050991521580000004,
        0.04932893758,
        0.05662797858,
        0.05454718758,
        0.048391062580000005
      ],
      "memory_usage_byte": [
        35799040,
        35799040,
        35799040,
        35799040,
        35799040,
        35799040,
        35799040,
        35799040,
        35799040,
        35799040,
        35799040,
        35799040,
        35799040,
        35799040,
        35799040
      ],
      "exit_codes": [
        0,
        0,
        0,
        0,
        0,
        0,
        0,
        0,
        0,
        0,
        0,
        0,
        0,
        0,
        0
      ]
    }
  ]
}
