{
  "results": [
    {
      "command": "/Users/benvds/code/complexity-guard/target/release/complexity-guard --format json --fail-on none /Users/benvds/code/complexity-guard/benchmarks/projects/json-server",
      "mean": 0.0062238252400000004,
      "stddev": 0.0010832138702479503,
      "median": 0.0060124898399999994,
      "user": 0.013861166666666666,
      "system": 0.003927793333333333,
      "min": 0.0050085728399999994,
      "max": 0.00943315584,
      "times": [
        0.00557732184,
        0.0066239058399999995,
        0.00620011384,
        0.00587294784,
        0.00599473884,
        0.0054678218399999996,
        0.00548836384,
        0.007427947840000001,
        0.00614557284,
        0.006133947840000001,
        0.00943315584,
        0.00522332184,
        0.0050085728399999994,
        0.00674715584,
        0.0060124898399999994
      ],
      "memory_usage_byte": [
        6356992,
        6356992,
        6356992,
        6356992,
        6356992,
        6356992,
        6356992,
        6356992,
        6356992,
        6356992,
        6356992,
        6356992,
        6356992,
        6356992,
        6356992
      ],
      "exit_codes": [
        0,
        0,
        0,
        0,
        0,
        0,
        0,
        0,
        0,
        0,
        0,
        0,
        0,
        0,
        0
      ]
    }
  ]
}
