{
  "results": [
    {
      "command": "/Users/benvds/code/complexity-guard/target/release/complexity-guard --format json --fail-on none /Users/benvds/code/complexity-guard/benchmarks/projects/json-server",
      "mean": 0.006207372933333332,
      "stddev": 0.001165469974523121,
      "median": 0.005864925200000001,
      "user": 0.01396018666666667,
      "system": 0.003684806666666666,
      "min": 0.0040277592,
      "max": 0.0080308422,
      "times": [
        0.0040277592,
        0.0056378012000000005,
        0.0080308422,
        0.0067270092,
        0.0072037592,
        0.0053050922,
        0.0077591342,
        0.0061759672,
        0.005669884199999999,
        0.0076690092,
        0.0051939251999999995,
        0.0051055092,
        0.0055656761999999995,
        0.007174300200000001,
        0.005864925200000001
      ],
      "memory_usage_byte": [
        6291456,
        6291456,
        6291456,
        6291456,
        6291456,
        6291456,
        6291456,
        6291456,
        6373376,
        6373376,
        6373376,
        6373376,
        6373376,
        6373376,
        6373376
      ],
      "exit_codes": [
        0,
        0,
        0,
        0,
        0,
        0,
        0,
        0,
        0,
        0,
        0,
        0,
        0,
        0,
        0
      ]
    }
  ]
}
