{
  "results": [
    {
      "command": "/Users/benvds/code/complexity-guard/target/release/complexity-guard --format json --fail-on none /Users/benvds/code/complexity-guard/benchmarks/projects/json-server",
      "mean": 0.006051277726666667,
      "stddev": 0.0004179189916636043,
      "median": 0.006061091260000001,
      "user": 0.013347193333333332,
      "system": 0.004345699999999998,
      "min": 0.00513150826,
      "max": 0.00677380026,
      "times": [
        0.00584455026,
        0.00652596726,
        0.00626063326,
        0.005652758260000001,
        0.00677380026,
        0.0063472582599999995,
        0.00513150826,
        0.00595317526,
        0.006499633260000001,
        0.006061091260000001,
        0.006033133260000001,
        0.005585633260000001,
        0.006103925260000001,
        0.00620117426,
        0.00579492426
      ],
      "memory_usage_byte": [
        6291456,
        6291456,
        6291456,
        6291456,
        6291456,
        6291456,
        6291456,
        6291456,
        6291456,
        6291456,
        6291456,
        6291456,
        6291456,
        6291456,
        6324224
      ],
      "exit_codes": [
        0,
        0,
        0,
        0,
        0,
        0,
        0,
        0,
        0,
        0,
        0,
        0,
        0,
        0,
        0
      ]
    }
  ]
}
