{
  "results": [
    {
      "command": "/Users/benvds/code/complexity-guard/target/release/complexity-guard --format json --fail-on none /Users/benvds/code/complexity-guard/benchmarks/projects/karma",
      "mean": 0.029685498173333335,
      "stddev": 0.00346843257430514,
      "median": 0.029082023640000003,
      "user": 0.13483396666666667,
      "system": 0.010599593333333334,
      "min": 0.02455814764,
      "max": 0.03726518964,
      "times": [
        0.02656964764,
        0.027927397640000004,
        0.03392585664,
        0.026916522640000003,
        0.02455814764,
        0.03470814864,
        0.02912152364,
        0.029082023640000003,
        0.02727289864,
        0.028836689640000003,
        0.029333314640000004,
        0.03245681464,
        0.030041523639999998,
        0.03726518964,
        0.02726677364
      ],
      "memory_usage_byte": [
        12828672,
        12828672,
        12828672,
        12828672,
        12828672,
        12828672,
        12828672,
        12828672,
        12828672,
        12828672,
        12828672,
        12828672,
        12828672,
        12828672,
        12828672
      ],
      "exit_codes": [
        0,
        0,
        0,
        0,
        0,
        0,
        0,
        0,
        0,
        0,
        0,
        0,
        0,
        0,
        0
      ]
    }
  ]
}
