{
  "results": [
    {
      "command": "/Users/benvds/code/complexity-guard/target/release/complexity-guard --format json --fail-on none /Users/benvds/code/complexity-guard/benchmarks/projects/karma",
      "mean": 0.03456385494,
      "stddev": 0.005979458540046136,
      "median": 0.03352966334,
      "user": 0.13110422666666668,
      "system": 0.013807426666666667,
      "min": 0.02779028834,
      "max": 0.05148216334,
      "times": [
        0.03605183034,
        0.02931778834,
        0.02779028834,
        0.05148216334,
        0.03352966334,
        0.03669491334,
        0.03190124634,
        0.030144829340000002,
        0.03193341334,
        0.031003080340000006,
        0.03594982934,
        0.04189516334,
        0.03463374634,
        0.03671974634,
        0.02941012234
      ],
      "memory_usage_byte": [
        11468800,
        11468800,
        11468800,
        11468800,
        11468800,
        11468800,
        11468800,
        11468800,
        11993088,
        12353536,
        12353536,
        12353536,
        12353536,
        12353536,
        12353536
      ],
      "exit_codes": [
        0,
        0,
        0,
        0,
        0,
        0,
        0,
        0,
        0,
        0,
        0,
        0,
        0,
        0,
        0
      ]
    }
  ]
}
