{
  "results": [
    {
      "command": "/Users/benvds/code/complexity-guard/target/release/complexity-guard --format json --fail-on none /Users/benvds/code/complexity-guard/benchmarks/projects/keystonejs",
      "mean": 0.11996809444666666,
      "stddev": 0.007345316236857064,
      "median": 0.11939285798,
      "user": 0.6547924799999998,
      "system": 0.09451773999999999,
      "min": 0.10839039998,
      "max": 0.13838744198,
      "times": [
        0.12858419198,
        0.13838744198,
        0.11401985798,
        0.10839039998,
        0.11791952498,
        0.11418852498,
        0.11350594098,
        0.12406610898,
        0.11564910898,
        0.12068698298,
        0.11681289998,
        0.12013327498,
        0.11939285798,
        0.12106514998000001,
        0.12671914998
      ],
      "memory_usage_byte": [
        15187968,
        15679488,
        15679488,
        15679488,
        15679488,
        15679488,
        15679488,
        15679488,
        15679488,
        15679488,
        15679488,
        15876096,
        15908864,
        15908864,
        15908864
      ],
      "exit_codes": [
        0,
        0,
        0,
        0,
        0,
        0,
        0,
        0,
        0,
        0,
        0,
        0,
        0,
        0,
        0
      ]
    }
  ]
}
