{
  "results": [
    {
      "command": "/Users/benvds/code/complexity-guard/target/release/complexity-guard --format json --fail-on none /Users/benvds/code/complexity-guard/benchmarks/projects/koa",
      "mean": 0.011491756353333334,
      "stddev": 0.0008263672176497797,
      "median": 0.01141877902,
      "user": 0.047304513333333326,
      "system": 0.006967579999999999,
      "min": 0.01015798702,
      "max": 0.013382362020000002,
      "times": [
        0.01144702902,
        0.01015798702,
        0.01191569502,
        0.011325112020000002,
        0.010655445020000001,
        0.010689945020000001,
        0.01104423602,
        0.01217790402,
        0.01084348702,
        0.01214952802,
        0.012001487020000002,
        0.01093207002,
        0.01141877902,
        0.013382362020000002,
        0.012235279020000002
      ],
      "memory_usage_byte": [
        6815744,
        6815744,
        7012352,
        7012352,
        7012352,
        7012352,
        7012352,
        7012352,
        7012352,
        7094272,
        7094272,
        7094272,
        7094272,
        7094272,
        7094272
      ],
      "exit_codes": [
        0,
        0,
        0,
        0,
        0,
        0,
        0,
        0,
        0,
        0,
        0,
        0,
        0,
        0,
        0
      ]
    }
  ]
}
