{
  "results": [
    {
      "command": "/Users/benvds/code/complexity-guard/target/release/complexity-guard --format json --fail-on none /Users/benvds/code/complexity-guard/benchmarks/projects/koa",
      "mean": 0.01121361338,
      "stddev": 0.0013604377569283674,
      "median": 0.010894105380000001,
      "user": 0.043200039999999995,
      "system": 0.006506286666666667,
      "min": 0.009862063380000001,
      "max": 0.015281188380000001,
      "times": [
        0.00998168838,
        0.011645771380000003,
        0.011605480380000002,
        0.01023048038,
        0.010769813380000003,
        0.011248480380000002,
        0.010894105380000001,
        0.01124385538,
        0.011777021380000002,
        0.009862063380000001,
        0.015281188380000001,
        0.01063893838,
        0.012564896380000003,
        0.01017672938,
        0.01028368838
      ],
      "memory_usage_byte": [
        6881280,
        6881280,
        6881280,
        6881280,
        6881280,
        6881280,
        6881280,
        6881280,
        6881280,
        6881280,
        6881280,
        6881280,
        6881280,
        6881280,
        6881280
      ],
      "exit_codes": [
        0,
        0,
        0,
        0,
        0,
        0,
        0,
        0,
        0,
        0,
        0,
        0,
        0,
        0,
        0
      ]
    }
  ]
}
