{
  "results": [
    {
      "command": "/Users/benvds/code/complexity-guard/target/release/complexity-guard --format json --fail-on none /Users/benvds/code/complexity-guard/benchmarks/projects/koa",
      "mean": 0.012196816800000003,
      "stddev": 0.0027858791162889427,
      "median": 0.0116064808,
      "user": 0.04626491333333334,
      "system": 0.008926253333333333,
      "min": 0.009647313800000001,
      "max": 0.021664146800000002,
      "times": [
        0.009647313800000001,
        0.0109142308,
        0.010632522799999999,
        0.0115547308,
        0.013571813800000002,
        0.011669022800000001,
        0.021664146800000002,
        0.011252646799999998,
        0.011603147800000001,
        0.0116064808,
        0.0129046058,
        0.011697563800000001,
        0.0120666478,
        0.0103715638,
        0.011795813799999999
      ],
      "memory_usage_byte": [
        6832128,
        6832128,
        6963200,
        6963200,
        6963200,
        6963200,
        7045120,
        7045120,
        7045120,
        7045120,
        7045120,
        7045120,
        7045120,
        7045120,
        7045120
      ],
      "exit_codes": [
        0,
        0,
        0,
        0,
        0,
        0,
        0,
        0,
        0,
        0,
        0,
        0,
        0,
        0,
        0
      ]
    }
  ]
}
