{
  "results": [
    {
      "command": "/Users/benvds/code/complexity-guard/target/release/complexity-guard --format json --fail-on none /Users/benvds/code/complexity-guard/benchmarks/projects/lodash",
      "mean": 0.09395976284666668,
      "stddev": 0.002932565769967873,
      "median": 0.09304962598000001,
      "user": 0.14465849333333333,
      "system": 0.01013571333333333,
      "min": 0.09154179298000001,
      "max": 0.10340795998,
      "times": [
        0.09351087598,
        0.09166991798,
        0.09235316898000001,
        0.09198600198000001,
        0.10340795998,
        0.09471691898000001,
        0.09594329398000001,
        0.09301966798,
        0.09455783498,
        0.09485479398,
        0.09154179298000001,
        0.09428687698,
        0.09235475198000001,
        0.09304962598000001,
        0.09214295998000001
      ],
      "memory_usage_byte": [
        35979264,
        35979264,
        35979264,
        35979264,
        35979264,
        35979264,
        35979264,
        35979264,
        35979264,
        35979264,
        35979264,
        35979264,
        35979264,
        35979264,
        35979264
      ],
      "exit_codes": [
        0,
        0,
        0,
        0,
        0,
        0,
        0,
        0,
        0,
        0,
        0,
        0,
        0,
        0,
        0
      ]
    }
  ]
}
