{
  "results": [
    {
      "command": "/Users/benvds/code/complexity-guard/target/release/complexity-guard --format json --fail-on none /Users/benvds/code/complexity-guard/benchmarks/projects/lodash",
      "mean": 0.013301252913333336,
      "stddev": 0.0005683454536368657,
      "median": 0.01308348078,
      "user": 0.03229707333333333,
      "system": 0.00561238,
      "min": 0.012661230780000001,
      "max": 0.01420018978,
      "times": [
        0.01274164778,
        0.012841730780000001,
        0.01291631378,
        0.01303006378,
        0.01330523078,
        0.01374198078,
        0.013892438780000002,
        0.012661230780000001,
        0.01396435578,
        0.012682855780000002,
        0.01367598078,
        0.01420018978,
        0.01409377178,
        0.01308348078,
        0.012687521780000002
      ],
      "memory_usage_byte": [
        9633792,
        9633792,
        10141696,
        10141696,
        10141696,
        10141696,
        10141696,
        10141696,
        10141696,
        10141696,
        10141696,
        10141696,
        10141696,
        10141696,
        10141696
      ],
      "exit_codes": [
        0,
        0,
        0,
        0,
        0,
        0,
        0,
        0,
        0,
        0,
        0,
        0,
        0,
        0,
        0
      ]
    }
  ]
}
