{
  "results": [
    {
      "command": "/Users/benvds/code/complexity-guard/target/release/complexity-guard --format json --fail-on none /Users/benvds/code/complexity-guard/benchmarks/projects/luxon",
      "mean": 0.027231107133333335,
      "stddev": 0.0028043114852641477,
      "median": 0.026575301000000003,
      "user": 0.13868644,
      "system": 0.01018284,
      "min": 0.024796010000000004,
      "max": 0.036303010000000004,
      "times": [
        0.026866677000000002,
        0.027443176,
        0.026575301000000003,
        0.025900635,
        0.02809176,
        0.025910469000000002,
        0.025244051000000003,
        0.026460260000000003,
        0.024963135,
        0.029660135000000004,
        0.027223343000000004,
        0.026957177000000002,
        0.024796010000000004,
        0.026071468000000004,
        0.036303010000000004
      ],
      "memory_usage_byte": [
        12713984,
        12713984,
        12713984,
        12713984,
        12910592,
        12910592,
        12943360,
        12943360,
        12943360,
        12943360,
        13074432,
        13074432,
        13697024,
        13697024,
        13697024
      ],
      "exit_codes": [
        0,
        0,
        0,
        0,
        0,
        0,
        0,
        0,
        0,
        0,
        0,
        0,
        0,
        0,
        0
      ]
    }
  ]
}
