{
  "results": [
    {
      "command": "/Users/benvds/code/complexity-guard/target/release/complexity-guard --format json --fail-on none /Users/benvds/code/complexity-guard/benchmarks/projects/mobx",
      "mean": 0.06794620066,
      "stddev": 0.004467316223802157,
      "median": 0.06721231206,
      "user": 0.38614643333333326,
      "system": 0.020593673333333333,
      "min": 0.06172693606000001,
      "max": 0.07707785305999999,
      "times": [
        0.06776535406,
        0.06458622806,
        0.06493997906,
        0.06361677006,
        0.06431656206,
        0.07445518606,
        0.06172693606000001,
        0.06680702006,
        0.07707785305999999,
        0.06486089505999999,
        0.06721231206,
        0.07415122806,
        0.06738568706,
        0.06895385406,
        0.07133714506
      ],
      "memory_usage_byte": [
        29163520,
        29163520,
        29163520,
        29163520,
        29163520,
        29163520,
        29163520,
        29163520,
        29163520,
        29163520,
        29163520,
        29163520,
        29474816,
        29474816,
        29474816
      ],
      "exit_codes": [
        0,
        0,
        0,
        0,
        0,
        0,
        0,
        0,
        0,
        0,
        0,
        0,
        0,
        0,
        0
      ]
    }
  ]
}
