{
  "results": [
    {
      "command": "/Users/benvds/code/complexity-guard/target/release/complexity-guard --format json --fail-on none /Users/benvds/code/complexity-guard/benchmarks/projects/mocha",
      "mean": 0.03450580767333333,
      "stddev": 0.0036241101131866188,
      "median": 0.033604705340000006,
      "user": 0.16891492666666663,
      "system": 0.027572486666666667,
      "min": 0.02991207934,
      "max": 0.039789829340000006,
      "times": [
        0.035757788340000006,
        0.03338753834,
        0.02991207934,
        0.033604705340000006,
        0.039397996340000005,
        0.035457038340000004,
        0.03162420434,
        0.038148454340000006,
        0.03074949734,
        0.030003746340000005,
        0.03918283034,
        0.033468580340000005,
        0.029969246340000005,
        0.03713358034000001,
        0.039789829340000006
      ],
      "memory_usage_byte": [
        10240000,
        10240000,
        10240000,
        10240000,
        10240000,
        10240000,
        10240000,
        10240000,
        10240000,
        10240000,
        10240000,
        10240000,
        10240000,
        10240000,
        10240000
      ],
      "exit_codes": [
        0,
        0,
        0,
        0,
        0,
        0,
        0,
        0,
        0,
        0,
        0,
        0,
        0,
        0,
        0
      ]
    }
  ]
}
