{
  "results": [
    {
      "command": "/Users/benvds/code/complexity-guard/target/release/complexity-guard --format json --fail-on none /Users/benvds/code/complexity-guard/benchmarks/projects/mocha",
      "mean": 0.035066214813333337,
      "stddev": 0.0024096519750583566,
      "median": 0.03494160088000001,
      "user": 0.17311440666666666,
      "system": 0.018616313333333336,
      "min": 0.03105926788,
      "max": 0.039753016880000006,
      "times": [
        0.039753016880000006,
        0.03408622588,
        0.038664391879999996,
        0.032538600880000004,
        0.03619976788,
        0.033846183880000005,
        0.032155767880000005,
        0.03105926788,
        0.03756460088000001,
        0.03584976788000001,
        0.033658767879999996,
        0.03645264288,
        0.03409189288,
        0.03494160088000001,
        0.035130725880000005
      ],
      "memory_usage_byte": [
        9207808,
        9207808,
        9207808,
        9256960,
        9945088,
        9945088,
        9945088,
        9945088,
        9945088,
        9945088,
        9945088,
        9945088,
        9945088,
        9945088,
        9945088
      ],
      "exit_codes": [
        0,
        0,
        0,
        0,
        0,
        0,
        0,
        0,
        0,
        0,
        0,
        0,
        0,
        0,
        0
      ]
    }
  ]
}
