{
  "results": [
    {
      "command": "/Users/benvds/code/complexity-guard/target/release/complexity-guard --format json --fail-on none /Users/benvds/code/complexity-guard/benchmarks/projects/moment",
      "mean": 0.1662332503533333,
      "stddev": 0.021567977617558364,
      "median": 0.16342082762000001,
      "user": 1.0742896999999998,
      "system": 0.043318906666666664,
      "min": 0.11476428662000002,
      "max": 0.19074841162,
      "times": [
        0.18976736962000001,
        0.16291191162000002,
        0.18698828662,
        0.15337795262,
        0.18059261962,
        0.17713078662,
        0.14906920362,
        0.14705261962,
        0.15818070362,
        0.16342082762000001,
        0.11476428662000002,
        0.19074841162,
        0.18168286962,
        0.14905161962,
        0.18875928662
      ],
      "memory_usage_byte": [
        40386560,
        40386560,
        40386560,
        40386560,
        40386560,
        40386560,
        40386560,
        45334528,
        45334528,
        45334528,
        45334528,
        45334528,
        45334528,
        46792704,
        46792704
      ],
      "exit_codes": [
        0,
        0,
        0,
        0,
        0,
        0,
        0,
        0,
        0,
        0,
        0,
        0,
        0,
        0,
        0
      ]
    }
  ]
}
