{
  "results": [
    {
      "command": "/Users/benvds/code/complexity-guard/target/release/complexity-guard --format json --fail-on none /Users/benvds/code/complexity-guard/benchmarks/projects/moment",
      "mean": 0.6012899123133335,
      "stddev": 0.010912794442253385,
      "median": 0.60323102338,
      "user": 1.658480266666667,
      "system": 0.06260993333333333,
      "min": 0.57557202338,
      "max": 0.61695344038,
      "times": [
        0.60755418938,
        0.5947778153800001,
        0.6044760233800001,
        0.60851989838,
        0.6096481903800001,
        0.58788498138,
        0.60323102338,
        0.60278573238,
        0.57557202338,
        0.5955819813800001,
        0.61695344038,
        0.61152523238,
        0.58983069038,
        0.60017964838,
        0.61082781438
      ],
      "memory_usage_byte": [
        185614336,
        185614336,
        185614336,
        192479232,
        192479232,
        192479232,
        192479232,
        192479232,
        192479232,
        192479232,
        192479232,
        192479232,
        192479232,
        192479232,
        192479232
      ],
      "exit_codes": [
        0,
        0,
        0,
        0,
        0,
        0,
        0,
        0,
        0,
        0,
        0,
        0,
        0,
        0,
        0
      ]
    }
  ]
}
