{
  "results": [
    {
      "command": "/Users/benvds/code/complexity-guard/target/release/complexity-guard --format json --fail-on none /Users/benvds/code/complexity-guard/benchmarks/projects/moment",
      "mean": 0.5948343137533332,
      "stddev": 0.0127346463874819,
      "median": 0.59548566122,
      "user": 1.63518014,
      "system": 0.06272849333333333,
      "min": 0.57181616022,
      "max": 0.63246195222,
      "times": [
        0.59554995322,
        0.60015357822,
        0.59638028622,
        0.59062403622,
        0.58731816122,
        0.59950724422,
        0.59359291122,
        0.63246195222,
        0.59548566122,
        0.59834499422,
        0.59576995222,
        0.59222220222,
        0.59118874422,
        0.57181616022,
        0.58209886922
      ],
      "memory_usage_byte": [
        185991168,
        185991168,
        185991168,
        185991168,
        186089472,
        186089472,
        186089472,
        186089472,
        186089472,
        186433536,
        186433536,
        186433536,
        186433536,
        186433536,
        186433536
      ],
      "exit_codes": [
        0,
        0,
        0,
        0,
        0,
        0,
        0,
        0,
        0,
        0,
        0,
        0,
        0,
        0,
        0
      ]
    }
  ]
}
