{
  "results": [
    {
      "command": "/Users/benvds/code/complexity-guard/target/release/complexity-guard --format json --fail-on none /Users/benvds/code/complexity-guard/benchmarks/projects/mongodb-node-driver",
      "mean": 1.8438057656200002,
      "stddev": 0.14691192103950512,
      "median": 1.8224611520200003,
      "user": 13.216557346666663,
      "system": 0.18887605999999998,
      "min": 1.7659524020200001,
      "max": 2.3645748600200003,
      "times": [
        1.78330198502,
        1.7932171510200001,
        1.8485221520200001,
        1.82701848502,
        1.7659524020200001,
        1.8231349850200003,
        1.76639590102,
        1.7737461520200002,
        1.83629706902,
        1.8518051100200001,
        1.82294806802,
        2.3645748600200003,
        1.8224611520200003,
        1.7889586520200003,
        1.7887523600200002
      ],
      "memory_usage_byte": [
        275955712,
        275955712,
        275955712,
        275955712,
        275955712,
        275955712,
        292683776,
        292683776,
        292683776,
        292683776,
        292683776,
        292683776,
        292683776,
        292683776,
        292683776
      ],
      "exit_codes": [
        0,
        0,
        0,
        0,
        0,
        0,
        0,
        0,
        0,
        0,
        0,
        0,
        0,
        0,
        0
      ]
    }
  ]
}
