{
  "results": [
    {
      "command": "/Users/benvds/code/complexity-guard/target/release/complexity-guard --format json --fail-on none /Users/benvds/code/complexity-guard/benchmarks/projects/n8n",
      "mean": 0.6173434277533334,
      "stddev": 0.013909691685826939,
      "median": 0.61974367542,
      "user": 4.245307793333333,
      "system": 0.38271592666666676,
      "min": 0.59031729942,
      "max": 0.64563930042,
      "times": [
        0.63598871642,
        0.6113800914199999,
        0.62380392442,
        0.60138388342,
        0.62028700842,
        0.62416946642,
        0.60749655042,
        0.60226055042,
        0.61974367542,
        0.59031729942,
        0.64563930042,
        0.62550971642,
        0.61933238342,
        0.62090079942,
        0.61193805042
      ],
      "memory_usage_byte": [
        43859968,
        43859968,
        43859968,
        43859968,
        43859968,
        43859968,
        43859968,
        43859968,
        43859968,
        43859968,
        43859968,
        43859968,
        43859968,
        43859968,
        43859968
      ],
      "exit_codes": [
        0,
        0,
        0,
        0,
        0,
        0,
        0,
        0,
        0,
        0,
        0,
        0,
        0,
        0,
        0
      ]
    }
  ]
}
