{
  "results": [
    {
      "command": "/Users/benvds/code/complexity-guard/target/release/complexity-guard --format json --fail-on none /Users/benvds/code/complexity-guard/benchmarks/projects/n8n",
      "mean": 0.5378002271066665,
      "stddev": 0.032653001579882567,
      "median": 0.52808810824,
      "user": 3.8226556399999994,
      "system": 0.25868052666666663,
      "min": 0.50831869124,
      "max": 0.62443031624,
      "times": [
        0.52808810824,
        0.60264389924,
        0.52541769124,
        0.53421123224,
        0.51180873324,
        0.52435085724,
        0.62443031624,
        0.53301302424,
        0.5173377742399999,
        0.50831869124,
        0.51766710824,
        0.54715410724,
        0.53647623224,
        0.52080356624,
        0.53528206524
      ],
      "memory_usage_byte": [
        41828352,
        41828352,
        41828352,
        42401792,
        42401792,
        42401792,
        42401792,
        42401792,
        42401792,
        42401792,
        42401792,
        42401792,
        42401792,
        42401792,
        42401792
      ],
      "exit_codes": [
        0,
        0,
        0,
        0,
        0,
        0,
        0,
        0,
        0,
        0,
        0,
        0,
        0,
        0,
        0
      ]
    }
  ]
}
