{
  "results": [
    {
      "command": "/Users/benvds/code/complexity-guard/target/release/complexity-guard --format json --fail-on none /Users/benvds/code/complexity-guard/benchmarks/projects/nestjs",
      "mean": 0.08627583497333333,
      "stddev": 0.01678350740220327,
      "median": 0.08041015104,
      "user": 0.4545112866666667,
      "system": 0.07181407999999999,
      "min": 0.07930486004000001,
      "max": 0.14568681804,
      "times": [
        0.08176681904000001,
        0.08013136004,
        0.07939452604000001,
        0.07947973504000001,
        0.07930486004000001,
        0.08879911004,
        0.08028411004000001,
        0.08043781804000001,
        0.07945506804000001,
        0.08777502704000001,
        0.08836473504,
        0.08041015104,
        0.08259506804000001,
        0.14568681804,
        0.08025231904
      ],
      "memory_usage_byte": [
        17235968,
        17235968,
        17235968,
        17235968,
        17235968,
        17235968,
        17235968,
        17235968,
        17235968,
        17235968,
        17235968,
        17235968,
        17235968,
        17235968,
        17235968
      ],
      "exit_codes": [
        0,
        0,
        0,
        0,
        0,
        0,
        0,
        0,
        0,
        0,
        0,
        0,
        0,
        0,
        0
      ]
    }
  ]
}
