{
  "results": [
    {
      "command": "/Users/benvds/code/complexity-guard/target/release/complexity-guard --format json --fail-on none /Users/benvds/code/complexity-guard/benchmarks/projects/nestjs",
      "mean": 0.10008947690666668,
      "stddev": 0.005942555621280372,
      "median": 0.10196239944,
      "user": 0.5166413066666666,
      "system": 0.12429452,
      "min": 0.09030577444000001,
      "max": 0.10957602444,
      "times": [
        0.10240810744,
        0.10765344044000001,
        0.10957602444,
        0.10364506544,
        0.09916494144,
        0.09698364844000001,
        0.09331823244000001,
        0.10282306544000001,
        0.10279810744000001,
        0.09294156544000001,
        0.10196239944,
        0.09030577444000001,
        0.09552302444,
        0.10762760744000001,
        0.09461114944000001
      ],
      "memory_usage_byte": [
        17104896,
        17104896,
        17104896,
        17350656,
        17350656,
        17350656,
        17350656,
        17350656,
        17498112,
        17498112,
        17498112,
        17498112,
        17498112,
        17498112,
        17498112
      ],
      "exit_codes": [
        0,
        0,
        0,
        0,
        0,
        0,
        0,
        0,
        0,
        0,
        0,
        0,
        0,
        0,
        0
      ]
    }
  ]
}
