{
  "results": [
    {
      "command": "/Users/benvds/code/complexity-guard/target/release/complexity-guard --format json --fail-on none /Users/benvds/code/complexity-guard/benchmarks/projects/next.js",
      "mean": 1.3704285944133334,
      "stddev": 0.03514591909063547,
      "median": 1.37087174968,
      "user": 6.27454896,
      "system": 1.42874908,
      "min": 1.31046208368,
      "max": 1.45173612468,
      "times": [
        1.39507091668,
        1.31046208368,
        1.32426258268,
        1.35102124968,
        1.3893658336799999,
        1.45173612468,
        1.32887149968,
        1.40008599968,
        1.3926240006800001,
        1.37822945868,
        1.37087174968,
        1.36350712468,
        1.35320945868,
        1.36690733368,
        1.38020349968
      ],
      "memory_usage_byte": [
        246890496,
        246890496,
        282214400,
        282214400,
        282214400,
        282214400,
        282214400,
        282214400,
        282214400,
        282214400,
        282214400,
        282214400,
        282214400,
        282214400,
        282214400
      ],
      "exit_codes": [
        0,
        0,
        0,
        0,
        0,
        0,
        0,
        0,
        0,
        0,
        0,
        0,
        0,
        0,
        0
      ]
    }
  ]
}
