{
  "results": [
    {
      "command": "/Users/benvds/code/complexity-guard/target/release/complexity-guard --format json --fail-on none /Users/benvds/code/complexity-guard/benchmarks/projects/next.js",
      "mean": 1.3177458837000002,
      "stddev": 0.07354433107959255,
      "median": 1.3360701809,
      "user": 7.314371406666665,
      "system": 0.9338094533333334,
      "min": 1.1956642228999999,
      "max": 1.4855866809,
      "times": [
        1.4087781809,
        1.4855866809,
        1.3459093059,
        1.2090470969,
        1.2474165139,
        1.3371686399,
        1.3482225969,
        1.2803622229,
        1.3360701809,
        1.1956642228999999,
        1.3235148059,
        1.2942002229,
        1.2723236809,
        1.3453422228999998,
        1.3365816809
      ],
      "memory_usage_byte": [
        296370176,
        296370176,
        296370176,
        296370176,
        320978944,
        320978944,
        320978944,
        320978944,
        320978944,
        320978944,
        320978944,
        320978944,
        320978944,
        320978944,
        320978944
      ],
      "exit_codes": [
        0,
        0,
        0,
        0,
        0,
        0,
        0,
        0,
        0,
        0,
        0,
        0,
        0,
        0,
        0
      ]
    }
  ]
}
