{
  "results": [
    {
      "command": "/Users/benvds/code/complexity-guard/target/release/complexity-guard --format json --fail-on none /Users/benvds/code/complexity-guard/benchmarks/projects/nodemon",
      "mean": 0.01193314300666667,
      "stddev": 0.0005206796618854279,
      "median": 0.01199846214,
      "user": 0.04420164000000001,
      "system": 0.009005919999999999,
      "min": 0.010760296140000002,
      "max": 0.01288412914,
      "times": [
        0.01204517014,
        0.011403421140000002,
        0.012511421140000001,
        0.01199846214,
        0.011734504140000003,
        0.012486088140000002,
        0.011857713140000002,
        0.01194362914,
        0.011325754140000002,
        0.01288412914,
        0.01204308714,
        0.012149254140000001,
        0.01169804514,
        0.010760296140000002,
        0.01215617014
      ],
      "memory_usage_byte": [
        6668288,
        6668288,
        6668288,
        6668288,
        6668288,
        6995968,
        6995968,
        6995968,
        6995968,
        6995968,
        6995968,
        6995968,
        6995968,
        6995968,
        6995968
      ],
      "exit_codes": [
        0,
        0,
        0,
        0,
        0,
        0,
        0,
        0,
        0,
        0,
        0,
        0,
        0,
        0,
        0
      ]
    }
  ]
}
