{
  "results": [
    {
      "command": "/Users/benvds/code/complexity-guard/target/release/complexity-guard --format json --fail-on none /Users/benvds/code/complexity-guard/benchmarks/projects/nodemon",
      "mean": 0.012191116293333335,
      "stddev": 0.0011483165976561933,
      "median": 0.011897335759999999,
      "user": 0.04470898666666666,
      "system": 0.007041733333333333,
      "min": 0.01078587776,
      "max": 0.014589460760000002,
      "times": [
        0.01283987776,
        0.012840751760000001,
        0.014589460760000002,
        0.01257991876,
        0.01078587776,
        0.011847794760000002,
        0.01245825176,
        0.010905127760000001,
        0.011250918759999999,
        0.014237168760000002,
        0.011897335759999999,
        0.011313085760000001,
        0.011403168760000002,
        0.011171335760000001,
        0.012746669759999999
      ],
      "memory_usage_byte": [
        6832128,
        6832128,
        6832128,
        6832128,
        6832128,
        6832128,
        6832128,
        6832128,
        6832128,
        6832128,
        6832128,
        6832128,
        6832128,
        6881280,
        6881280
      ],
      "exit_codes": [
        0,
        0,
        0,
        0,
        0,
        0,
        0,
        0,
        0,
        0,
        0,
        0,
        0,
        0,
        0
      ]
    }
  ]
}
