{
  "results": [
    {
      "command": "/Users/benvds/code/complexity-guard/target/release/complexity-guard --format json --fail-on none /Users/benvds/code/complexity-guard/benchmarks/projects/nodemon",
      "mean": 0.011924943660000001,
      "stddev": 0.002525820272078337,
      "median": 0.011660015460000001,
      "user": 0.04397768,
      "system": 0.006886353333333333,
      "min": 0.00986718246,
      "max": 0.02048005746,
      "times": [
        0.01201780746,
        0.012383557460000002,
        0.02048005746,
        0.012077099459999999,
        0.01274305746,
        0.01119580746,
        0.00999276646,
        0.00986718246,
        0.011901557460000002,
        0.01041984946,
        0.010521307459999999,
        0.01045843246,
        0.011660015460000001,
        0.01148251546,
        0.01167314146
      ],
      "memory_usage_byte": [
        6619136,
        6619136,
        6619136,
        6733824,
        6733824,
        6733824,
        6733824,
        6733824,
        6733824,
        6733824,
        6733824,
        6733824,
        6733824,
        6733824,
        6733824
      ],
      "exit_codes": [
        0,
        0,
        0,
        0,
        0,
        0,
        0,
        0,
        0,
        0,
        0,
        0,
        0,
        0,
        0
      ]
    }
  ]
}
