{
  "results": [
    {
      "command": "/Users/benvds/code/complexity-guard/target/release/complexity-guard --format json --fail-on none /Users/benvds/code/complexity-guard/benchmarks/projects/npkill",
      "mean": 0.01054811998,
      "stddev": 0.0008170332529652464,
      "median": 0.01031185338,
      "user": 0.0396999,
      "system": 0.0067248866666666665,
      "min": 0.008952436380000001,
      "max": 0.012147186380000001,
      "times": [
        0.008952436380000001,
        0.010077186379999999,
        0.01023014438,
        0.01081131138,
        0.010032561379999999,
        0.01090522838,
        0.012147186380000001,
        0.009835353379999998,
        0.01031185338,
        0.00984318738,
        0.011748811380000002,
        0.011381062380000001,
        0.01095068738,
        0.01071356138,
        0.01028122838
      ],
      "memory_usage_byte": [
        7815168,
        7815168,
        7815168,
        7815168,
        7913472,
        7913472,
        7913472,
        7913472,
        7913472,
        7913472,
        8224768,
        8224768,
        8224768,
        8224768,
        8224768
      ],
      "exit_codes": [
        0,
        0,
        0,
        0,
        0,
        0,
        0,
        0,
        0,
        0,
        0,
        0,
        0,
        0,
        0
      ]
    }
  ]
}
