{
  "results": [
    {
      "command": "/Users/benvds/code/complexity-guard/target/release/complexity-guard --format json --fail-on none /Users/benvds/code/complexity-guard/benchmarks/projects/npkill",
      "mean": 0.010650454546666667,
      "stddev": 0.0007536228203815475,
      "median": 0.01072085168,
      "user": 0.03912458666666666,
      "system": 0.008609826666666666,
      "min": 0.00915968468,
      "max": 0.011998101680000001,
      "times": [
        0.01037814368,
        0.01085047668,
        0.010143018680000001,
        0.011998101680000001,
        0.01120447668,
        0.010771518680000002,
        0.01031514268,
        0.01002101868,
        0.01072085168,
        0.01137485168,
        0.00915968468,
        0.01077176868,
        0.010059685680000001,
        0.011883226680000001,
        0.01010485168
      ],
      "memory_usage_byte": [
        7782400,
        7782400,
        7913472,
        7913472,
        7913472,
        7913472,
        7913472,
        7979008,
        7979008,
        7979008,
        8028160,
        8028160,
        8028160,
        8028160,
        8028160
      ],
      "exit_codes": [
        0,
        0,
        0,
        0,
        0,
        0,
        0,
        0,
        0,
        0,
        0,
        0,
        0,
        0,
        0
      ]
    }
  ]
}
