{
  "results": [
    {
      "command": "/Users/benvds/code/complexity-guard/target/release/complexity-guard --format json --fail-on none /Users/benvds/code/complexity-guard/benchmarks/projects/npkill",
      "mean": 0.01091793692666667,
      "stddev": 0.0009388176343592939,
      "median": 0.010773226460000002,
      "user": 0.039060573333333334,
      "system": 0.006510360000000001,
      "min": 0.00966122546,
      "max": 0.012981142460000001,
      "times": [
        0.00966122546,
        0.012226975460000001,
        0.010773226460000002,
        0.010666851460000001,
        0.010137100460000001,
        0.01151418446,
        0.010853975460000002,
        0.012134892460000001,
        0.010128017460000001,
        0.01070164246,
        0.012981142460000001,
        0.009839100460000002,
        0.010274017460000002,
        0.010989309460000003,
        0.01088739246
      ],
      "memory_usage_byte": [
        8028160,
        8028160,
        8028160,
        8028160,
        8028160,
        8028160,
        8028160,
        8028160,
        8028160,
        8028160,
        8028160,
        8028160,
        8028160,
        8028160,
        8028160
      ],
      "exit_codes": [
        0,
        0,
        0,
        0,
        0,
        0,
        0,
        0,
        0,
        0,
        0,
        0,
        0,
        0,
        0
      ]
    }
  ]
}
