{
  "results": [
    {
      "command": "/Users/benvds/code/complexity-guard/target/release/complexity-guard --format json --fail-on none /Users/benvds/code/complexity-guard/benchmarks/projects/pdf.js",
      "mean": 0.23515103327333337,
      "stddev": 0.017357889203397953,
      "median": 0.23598850034000002,
      "user": 1.21659466,
      "system": 0.04294749333333333,
      "min": 0.20515837534000003,
      "max": 0.26705437434,
      "times": [
        0.23866637534000001,
        0.22065854134000001,
        0.23626904134,
        0.21061999934000003,
        0.23285912534000003,
        0.24369174934,
        0.20515837534000003,
        0.26705437434,
        0.23017758334000002,
        0.22196041734000002,
        0.26371925034,
        0.23598850034000002,
        0.22620345834000002,
        0.24986208334,
        0.24437662434000001
      ],
      "memory_usage_byte": [
        74301440,
        74301440,
        74301440,
        74301440,
        74301440,
        74301440,
        74301440,
        74301440,
        74416128,
        74416128,
        74416128,
        74416128,
        74416128,
        74416128,
        74416128
      ],
      "exit_codes": [
        0,
        0,
        0,
        0,
        0,
        0,
        0,
        0,
        0,
        0,
        0,
        0,
        0,
        0,
        0
      ]
    }
  ]
}
