{
  "results": [
    {
      "command": "/Users/benvds/code/complexity-guard/target/release/complexity-guard --format json --fail-on none /Users/benvds/code/complexity-guard/benchmarks/projects/pino",
      "mean": 0.021770953200000002,
      "stddev": 0.001665780815430109,
      "median": 0.0212839642,
      "user": 0.10980316666666665,
      "system": 0.011880599999999998,
      "min": 0.0195602562,
      "max": 0.0261922552,
      "times": [
        0.0197066312,
        0.0195602562,
        0.0229190062,
        0.0210892142,
        0.0226897142,
        0.021031089200000002,
        0.0219672982,
        0.0212839642,
        0.0226607142,
        0.0206798392,
        0.0234762562,
        0.0216312562,
        0.0209995472,
        0.0206772562,
        0.0261922552
      ],
      "memory_usage_byte": [
        10534912,
        10534912,
        10829824,
        10829824,
        10829824,
        10829824,
        10829824,
        11042816,
        11042816,
        11042816,
        11042816,
        11042816,
        11042816,
        11042816,
        11042816
      ],
      "exit_codes": [
        0,
        0,
        0,
        0,
        0,
        0,
        0,
        0,
        0,
        0,
        0,
        0,
        0,
        0,
        0
      ]
    }
  ]
}
