{
  "results": [
    {
      "command": "/Users/benvds/code/complexity-guard/target/release/complexity-guard --format json --fail-on none /Users/benvds/code/complexity-guard/benchmarks/projects/pino",
      "mean": 0.021182133293333336,
      "stddev": 0.0013672707053255754,
      "median": 0.02058616956,
      "user": 0.10872580000000001,
      "system": 0.00910956,
      "min": 0.01962600256,
      "max": 0.02439541956,
      "times": [
        0.02009021156,
        0.02110608556,
        0.021698627560000003,
        0.023025669560000003,
        0.020782877560000003,
        0.02048991956,
        0.02058616956,
        0.021473960559999998,
        0.02439541956,
        0.020354086559999998,
        0.02016729456,
        0.023257544560000003,
        0.01962600256,
        0.020200377560000003,
        0.02047775256
      ],
      "memory_usage_byte": [
        10928128,
        10928128,
        10928128,
        10928128,
        10928128,
        10928128,
        10928128,
        10928128,
        10928128,
        10928128,
        10928128,
        10928128,
        10928128,
        10928128,
        10928128
      ],
      "exit_codes": [
        0,
        0,
        0,
        0,
        0,
        0,
        0,
        0,
        0,
        0,
        0,
        0,
        0,
        0,
        0
      ]
    }
  ]
}
