{
  "results": [
    {
      "command": "/Users/benvds/code/complexity-guard/target/release/complexity-guard --format json --fail-on none /Users/benvds/code/complexity-guard/benchmarks/projects/pm2",
      "mean": 0.03535007608,
      "stddev": 0.0020347556425279805,
      "median": 0.03533809828,
      "user": 0.17138583333333335,
      "system": 0.028512293333333327,
      "min": 0.032775056280000006,
      "max": 0.040753848280000005,
      "times": [
        0.040753848280000005,
        0.033165432280000004,
        0.03646130628,
        0.032775056280000006,
        0.036073223280000004,
        0.034870348280000005,
        0.03616905628,
        0.035492265280000004,
        0.03533809828,
        0.033327182280000006,
        0.034529306280000005,
        0.03693747328,
        0.036279098280000005,
        0.032795265280000006,
        0.03528418128
      ],
      "memory_usage_byte": [
        12664832,
        12664832,
        12664832,
        12779520,
        13352960,
        13352960,
        13352960,
        13352960,
        13352960,
        13352960,
        13352960,
        13352960,
        13352960,
        13352960,
        13352960
      ],
      "exit_codes": [
        0,
        0,
        0,
        0,
        0,
        0,
        0,
        0,
        0,
        0,
        0,
        0,
        0,
        0,
        0
      ]
    }
  ]
}
