{
  "results": [
    {
      "command": "/Users/benvds/code/complexity-guard/target/release/complexity-guard --format json --fail-on none /Users/benvds/code/complexity-guard/benchmarks/projects/pm2",
      "mean": 0.03363064895333334,
      "stddev": 0.001622534850825815,
      "median": 0.03377871902,
      "user": 0.17403701999999996,
      "system": 0.01941397333333333,
      "min": 0.030632219020000004,
      "max": 0.03612834302,
      "times": [
        0.03596346802,
        0.030904552020000003,
        0.03474346802,
        0.03612834302,
        0.03223221902,
        0.03385959302,
        0.03398138502,
        0.03505809302,
        0.030632219020000004,
        0.03377871902,
        0.03341746802,
        0.03450263502,
        0.03204542702,
        0.03365655202,
        0.03355559302
      ],
      "memory_usage_byte": [
        12779520,
        12779520,
        12779520,
        12779520,
        12779520,
        12779520,
        12779520,
        12779520,
        13074432,
        13074432,
        13074432,
        13074432,
        13074432,
        13074432,
        13074432
      ],
      "exit_codes": [
        0,
        0,
        0,
        0,
        0,
        0,
        0,
        0,
        0,
        0,
        0,
        0,
        0,
        0,
        0
      ]
    }
  ]
}
