{
  "results": [
    {
      "command": "/Users/benvds/code/complexity-guard/target/release/complexity-guard --format json --fail-on none /Users/benvds/code/complexity-guard/benchmarks/projects/prettier",
      "mean": 0.24464808290666665,
      "stddev": 0.004820795753022421,
      "median": 0.24451286844,
      "user": 0.9951768466666666,
      "system": 0.4645638933333333,
      "min": 0.23629832744,
      "max": 0.25056407744000003,
      "times": [
        0.25056407744000003,
        0.24735253544,
        0.25023653544,
        0.23697453544,
        0.25033357744,
        0.24370782744,
        0.24346424444,
        0.23629832744,
        0.24930041043999998,
        0.24049920244,
        0.24451286844,
        0.23860228544,
        0.24371924444,
        0.24657378544,
        0.24758178644000003
      ],
      "memory_usage_byte": [
        26869760,
        26869760,
        26869760,
        26869760,
        26869760,
        26869760,
        26869760,
        26869760,
        26869760,
        26869760,
        26869760,
        26869760,
        26869760,
        29507584,
        29507584
      ],
      "exit_codes": [
        0,
        0,
        0,
        0,
        0,
        0,
        0,
        0,
        0,
        0,
        0,
        0,
        0,
        0,
        0
      ]
    }
  ]
}
