{
  "results": [
    {
      "command": "/Users/benvds/code/complexity-guard/target/release/complexity-guard --format json --fail-on none /Users/benvds/code/complexity-guard/benchmarks/projects/prisma",
      "mean": 0.17780694824666662,
      "stddev": 0.010359088950576325,
      "median": 0.18032645658,
      "user": 0.8809548733333332,
      "system": 0.18326004666666662,
      "min": 0.15896812358,
      "max": 0.19042970658,
      "times": [
        0.18901654058,
        0.16514366558,
        0.15896812358,
        0.18410528958,
        0.18836133157999999,
        0.17320208158,
        0.18276516458,
        0.19042970658,
        0.17310824757999999,
        0.18890233158,
        0.16817266458,
        0.17353520658,
        0.18032645658,
        0.18631128958,
        0.16475612358
      ],
      "memory_usage_byte": [
        31522816,
        34766848,
        34766848,
        34766848,
        34766848,
        34766848,
        34766848,
        34766848,
        34766848,
        34766848,
        34766848,
        34766848,
        34766848,
        34766848,
        34766848
      ],
      "exit_codes": [
        0,
        0,
        0,
        0,
        0,
        0,
        0,
        0,
        0,
        0,
        0,
        0,
        0,
        0,
        0
      ]
    }
  ]
}
