{
  "results": [
    {
      "command": "/Users/benvds/code/complexity-guard/target/release/complexity-guard --format json --fail-on none /Users/benvds/code/complexity-guard/benchmarks/projects/redux",
      "mean": 0.019279978026666665,
      "stddev": 0.0012995179957141182,
      "median": 0.01929698916,
      "user": 0.06293428666666667,
      "system": 0.012772379999999998,
      "min": 0.017400447160000002,
      "max": 0.021875656160000003,
      "times": [
        0.01967469816,
        0.01815573916,
        0.017835864160000003,
        0.01875911416,
        0.01938411416,
        0.01888865516,
        0.01944436416,
        0.017400447160000002,
        0.01976011416,
        0.020821948160000003,
        0.01751203016,
        0.021875656160000003,
        0.01929698916,
        0.021194030160000002,
        0.01919590616
      ],
      "memory_usage_byte": [
        8503296,
        8503296,
        8503296,
        8503296,
        8503296,
        8503296,
        8503296,
        8503296,
        8503296,
        8503296,
        8503296,
        8503296,
        8503296,
        8503296,
        8503296
      ],
      "exit_codes": [
        0,
        0,
        0,
        0,
        0,
        0,
        0,
        0,
        0,
        0,
        0,
        0,
        0,
        0,
        0
      ]
    }
  ]
}
