{
  "results": [
    {
      "command": "/Users/benvds/code/complexity-guard/target/release/complexity-guard --format json --fail-on none /Users/benvds/code/complexity-guard/benchmarks/projects/redux",
      "mean": 0.019104492839999997,
      "stddev": 0.0016086922317856205,
      "median": 0.01899005444,
      "user": 0.06259197999999999,
      "system": 0.018233806666666668,
      "min": 0.016585512440000002,
      "max": 0.021992554440000003,
      "times": [
        0.017878595440000002,
        0.02100638744,
        0.01734922044,
        0.01800676244,
        0.020270428440000002,
        0.016585512440000002,
        0.021992554440000003,
        0.020954929440000002,
        0.01899005444,
        0.02083309544,
        0.017777595440000002,
        0.01769351244,
        0.01958242844,
        0.01849501244,
        0.01915130344
      ],
      "memory_usage_byte": [
        8765440,
        8765440,
        8765440,
        8912896,
        8912896,
        8912896,
        8912896,
        8912896,
        8912896,
        8912896,
        8962048,
        8962048,
        8962048,
        8962048,
        8962048
      ],
      "exit_codes": [
        0,
        0,
        0,
        0,
        0,
        0,
        0,
        0,
        0,
        0,
        0,
        0,
        0,
        0,
        0
      ]
    }
  ]
}
