{
  "results": [
    {
      "command": "/Users/benvds/code/complexity-guard/target/release/complexity-guard --format json --fail-on none /Users/benvds/code/complexity-guard/benchmarks/projects/redwoodjs",
      "mean": 0.16730157599333334,
      "stddev": 0.006112364200043709,
      "median": 0.16721510886000002,
      "user": 0.8776783399999999,
      "system": 0.18803026,
      "min": 0.15936477586,
      "max": 0.17694485986,
      "times": [
        0.16721510886000002,
        0.16159323486000002,
        0.16250131786,
        0.15936477586,
        0.17260898486,
        0.17425835986000002,
        0.17694485986,
        0.16714160886,
        0.16915590086,
        0.17070940086,
        0.16015956786,
        0.16143944186,
        0.17619227586,
        0.16033144286,
        0.16990735886
      ],
      "memory_usage_byte": [
        24231936,
        24231936,
        24231936,
        24231936,
        24231936,
        24231936,
        24231936,
        24231936,
        24231936,
        24231936,
        24231936,
        24231936,
        24231936,
        24231936,
        24231936
      ],
      "exit_codes": [
        0,
        0,
        0,
        0,
        0,
        0,
        0,
        0,
        0,
        0,
        0,
        0,
        0,
        0,
        0
      ]
    }
  ]
}
