{
  "results": [
    {
      "command": "/Users/benvds/code/complexity-guard/target/release/complexity-guard --format json --fail-on none /Users/benvds/code/complexity-guard/benchmarks/projects/remix",
      "mean": 0.06759343716666667,
      "stddev": 0.004258557536369763,
      "median": 0.06757010670000001,
      "user": 0.38657010666666664,
      "system": 0.04086638,
      "min": 0.0615540227,
      "max": 0.07795381470000001,
      "times": [
        0.0615540227,
        0.07795381470000001,
        0.06940519070000001,
        0.06187148170000001,
        0.06871110670000001,
        0.0681361897,
        0.06701381470000001,
        0.0681598147,
        0.0648612737,
        0.0644422317,
        0.0722429817,
        0.06582689770000001,
        0.06425152370000001,
        0.07190110670000001,
        0.06757010670000001
      ],
      "memory_usage_byte": [
        18776064,
        18776064,
        18776064,
        18776064,
        18776064,
        18776064,
        18776064,
        18776064,
        18776064,
        18776064,
        18776064,
        18776064,
        18776064,
        18776064,
        18776064
      ],
      "exit_codes": [
        0,
        0,
        0,
        0,
        0,
        0,
        0,
        0,
        0,
        0,
        0,
        0,
        0,
        0,
        0
      ]
    }
  ]
}
