{
  "results": [
    {
      "command": "/Users/benvds/code/complexity-guard/target/release/complexity-guard --format json --fail-on none /Users/benvds/code/complexity-guard/benchmarks/projects/request",
      "mean": 0.01676066824,
      "stddev": 0.003014205237627425,
      "median": 0.01520761004,
      "user": 0.07034439333333334,
      "system": 0.007899453333333334,
      "min": 0.01418148504,
      "max": 0.024417526040000002,
      "times": [
        0.01676240104,
        0.01520761004,
        0.015027777039999999,
        0.01485765104,
        0.01735898504,
        0.01418148504,
        0.01488861004,
        0.02242973504,
        0.01827448504,
        0.014506110039999999,
        0.01503915204,
        0.014942860039999999,
        0.024417526040000002,
        0.01802990104,
        0.01548573504
      ],
      "memory_usage_byte": [
        8847360,
        8847360,
        8847360,
        8847360,
        8847360,
        8847360,
        8847360,
        8847360,
        8847360,
        8847360,
        8847360,
        8847360,
        8847360,
        8847360,
        8880128
      ],
      "exit_codes": [
        0,
        0,
        0,
        0,
        0,
        0,
        0,
        0,
        0,
        0,
        0,
        0,
        0,
        0,
        0
      ]
    }
  ]
}
