{
  "results": [
    {
      "command": "/Users/benvds/code/complexity-guard/target/release/complexity-guard --format json --fail-on none /Users/benvds/code/complexity-guard/benchmarks/projects/request",
      "mean": 0.01685847254666667,
      "stddev": 0.001695721267207365,
      "median": 0.01725080328,
      "user": 0.07466408666666664,
      "system": 0.006453346666666665,
      "min": 0.013597886280000002,
      "max": 0.01894851128,
      "times": [
        0.018168928280000003,
        0.015251470280000002,
        0.01857242828,
        0.015236594280000001,
        0.01588767828,
        0.01725080328,
        0.01864242828,
        0.01894851128,
        0.018548136280000002,
        0.01821671928,
        0.015094970280000002,
        0.017684136280000002,
        0.013597886280000002,
        0.016494761280000002,
        0.01528163628
      ],
      "memory_usage_byte": [
        8585216,
        8585216,
        8585216,
        8585216,
        8585216,
        8585216,
        8585216,
        8585216,
        8585216,
        8585216,
        8585216,
        8585216,
        8585216,
        8585216,
        8585216
      ],
      "exit_codes": [
        0,
        0,
        0,
        0,
        0,
        0,
        0,
        0,
        0,
        0,
        0,
        0,
        0,
        0,
        0
      ]
    }
  ]
}
