{
  "results": [
    {
      "command": "/Users/benvds/code/complexity-guard/target/release/complexity-guard --format json --fail-on none /Users/benvds/code/complexity-guard/benchmarks/projects/rocketchat",
      "mean": 0.6012268909800002,
      "stddev": 0.01218351394604055,
      "median": 0.5993129219800001,
      "user": 3.8032737533333334,
      "system": 0.58536016,
      "min": 0.58126321298,
      "max": 0.62650529598,
      "times": [
        0.58126321298,
        0.5947816299800001,
        0.61293321298,
        0.6159666299800001,
        0.6025062129800001,
        0.60368354698,
        0.6141535879800001,
        0.62650529598,
        0.5958322139800001,
        0.5993129219800001,
        0.58995096298,
        0.58407246298,
        0.5980752969800001,
        0.59894504598,
        0.6004211299800001
      ],
      "memory_usage_byte": [
        51118080,
        51118080,
        51118080,
        51118080,
        51118080,
        51118080,
        51118080,
        51118080,
        51576832,
        51576832,
        51576832,
        51576832,
        51576832,
        51576832,
        51576832
      ],
      "exit_codes": [
        0,
        0,
        0,
        0,
        0,
        0,
        0,
        0,
        0,
        0,
        0,
        0,
        0,
        0,
        0
      ]
    }
  ]
}
