{
  "results": [
    {
      "command": "/Users/benvds/code/complexity-guard/target/release/complexity-guard --format json --fail-on none /Users/benvds/code/complexity-guard/benchmarks/projects/rrule",
      "mean": 0.023875677619999994,
      "stddev": 0.0014664327586081036,
      "median": 0.024016924220000003,
      "user": 0.06156117999999999,
      "system": 0.006648306666666665,
      "min": 0.02171584122,
      "max": 0.027007591220000002,
      "times": [
        0.023030758220000003,
        0.024016924220000003,
        0.025367592220000002,
        0.02220234122,
        0.02277138322,
        0.02259955022,
        0.02431755022,
        0.024292842220000003,
        0.024217925220000002,
        0.023410966220000003,
        0.022483174220000002,
        0.02522059122,
        0.02171584122,
        0.025480133220000003,
        0.027007591220000002
      ],
      "memory_usage_byte": [
        10682368,
        10862592,
        10862592,
        10862592,
        10862592,
        10862592,
        10862592,
        10862592,
        10862592,
        10862592,
        10862592,
        10862592,
        11026432,
        11026432,
        11026432
      ],
      "exit_codes": [
        0,
        0,
        0,
        0,
        0,
        0,
        0,
        0,
        0,
        0,
        0,
        0,
        0,
        0,
        0
      ]
    }
  ]
}
