{
  "results": [
    {
      "command": "/Users/benvds/code/complexity-guard/target/release/complexity-guard --format json --fail-on none /Users/benvds/code/complexity-guard/benchmarks/projects/rrule",
      "mean": 0.02409671796,
      "stddev": 0.0016103278687598377,
      "median": 0.023833004160000004,
      "user": 0.06135557333333333,
      "system": 0.005671853333333333,
      "min": 0.02220937916,
      "max": 0.027325545160000006,
      "times": [
        0.023499796160000003,
        0.02629567116,
        0.02249075416,
        0.02504375416,
        0.02237950416,
        0.022550837160000003,
        0.02519596216,
        0.02268942116,
        0.027325545160000006,
        0.023833004160000004,
        0.02278875416,
        0.02515296216,
        0.024449004160000003,
        0.02220937916,
        0.02554642016
      ],
      "memory_usage_byte": [
        11239424,
        11239424,
        11239424,
        11239424,
        11239424,
        11239424,
        11239424,
        11239424,
        11239424,
        11239424,
        11239424,
        11239424,
        11239424,
        11239424,
        11239424
      ],
      "exit_codes": [
        0,
        0,
        0,
        0,
        0,
        0,
        0,
        0,
        0,
        0,
        0,
        0,
        0,
        0,
        0
      ]
    }
  ]
}
