{
  "results": [
    {
      "command": "/Users/benvds/code/complexity-guard/target/release/complexity-guard --format json --fail-on none /Users/benvds/code/complexity-guard/benchmarks/projects/rxjs",
      "mean": 0.09034834612666669,
      "stddev": 0.004209987465494468,
      "median": 0.08967842346,
      "user": 0.6143861733333335,
      "system": 0.06148990666666667,
      "min": 0.08306375746000001,
      "max": 0.09685509046000002,
      "times": [
        0.09512384046000001,
        0.08885075746000001,
        0.09440075746000001,
        0.09044042446,
        0.08519584146,
        0.09308896546,
        0.08967842346,
        0.09607513246,
        0.08606809046000001,
        0.08306375746000001,
        0.08936692346000001,
        0.09685509046000002,
        0.09251217346000001,
        0.08789117346000001,
        0.08661384046000001
      ],
      "memory_usage_byte": [
        16515072,
        16515072,
        16515072,
        16515072,
        16515072,
        16515072,
        16728064,
        16728064,
        16728064,
        16728064,
        16728064,
        16728064,
        16728064,
        16728064,
        16728064
      ],
      "exit_codes": [
        0,
        0,
        0,
        0,
        0,
        0,
        0,
        0,
        0,
        0,
        0,
        0,
        0,
        0,
        0
      ]
    }
  ]
}
