{
  "results": [
    {
      "command": "/Users/benvds/code/complexity-guard/target/release/complexity-guard --format json --fail-on none /Users/benvds/code/complexity-guard/benchmarks/projects/sequelize",
      "mean": 0.09169396737333337,
      "stddev": 0.005832624178489261,
      "median": 0.08967442904000002,
      "user": 0.6366982066666668,
      "system": 0.02953943333333333,
      "min": 0.08321188704000002,
      "max": 0.10269917804000002,
      "times": [
        0.09734613704000002,
        0.09710638704,
        0.08878588604000001,
        0.10136692904000001,
        0.09350417904000001,
        0.08786622004000001,
        0.08321188704000002,
        0.10269917804000002,
        0.08769197004000001,
        0.08967442904000002,
        0.09301384504000001,
        0.09298467804000002,
        0.08836097004000001,
        0.08555830304,
        0.08623851204
      ],
      "memory_usage_byte": [
        24117248,
        24117248,
        24117248,
        24117248,
        24117248,
        24117248,
        24117248,
        24117248,
        24117248,
        24117248,
        24117248,
        24117248,
        24117248,
        24117248,
        24117248
      ],
      "exit_codes": [
        0,
        0,
        0,
        0,
        0,
        0,
        0,
        0,
        0,
        0,
        0,
        0,
        0,
        0,
        0
      ]
    }
  ]
}
