{
  "results": [
    {
      "command": "/Users/benvds/code/complexity-guard/target/release/complexity-guard --format json --fail-on none /Users/benvds/code/complexity-guard/benchmarks/projects/signale",
      "mean": 0.005784171266666666,
      "stddev": 0.0011569836633874724,
      "median": 0.005611277,
      "user": 0.0040965866666666665,
      "system": 0.0021019933333333335,
      "min": 0.0036932769999999983,
      "max": 0.008076194,
      "times": [
        0.004922859999999999,
        0.005105568999999999,
        0.006804109999999999,
        0.005957568999999999,
        0.008076194,
        0.00441511,
        0.0057147349999999986,
        0.005077025999999998,
        0.005611277,
        0.0075122769999999995,
        0.0036932769999999983,
        0.006416735,
        0.005268984999999999,
        0.0066367349999999995,
        0.005550109999999999
      ],
      "memory_usage_byte": [
        4259840,
        4259840,
        4259840,
        4259840,
        4259840,
        4259840,
        4259840,
        4259840,
        4259840,
        4259840,
        4259840,
        4259840,
        4276224,
        4276224,
        4276224
      ],
      "exit_codes": [
        0,
        0,
        0,
        0,
        0,
        0,
        0,
        0,
        0,
        0,
        0,
        0,
        0,
        0,
        0
      ]
    }
  ]
}
