{
  "results": [
    {
      "command": "/Users/benvds/code/complexity-guard/target/release/complexity-guard --format json --fail-on none /Users/benvds/code/complexity-guard/benchmarks/projects/signale",
      "mean": 0.005536667400000001,
      "stddev": 0.00034609543412883736,
      "median": 0.005638929000000001,
      "user": 0.00406464,
      "system": 0.002696673333333333,
      "min": 0.004551928000000002,
      "max": 0.005920220000000002,
      "times": [
        0.004551928000000002,
        0.005784095000000001,
        0.005845137000000002,
        0.0054415120000000025,
        0.005638929000000001,
        0.005656887000000001,
        0.005563970000000001,
        0.0056867620000000015,
        0.005759012000000001,
        0.005920220000000002,
        0.005406054000000002,
        0.005802512000000001,
        0.005250970000000002,
        0.005561845000000001,
        0.005180178000000002
      ],
      "memory_usage_byte": [
        4308992,
        4308992,
        4308992,
        4308992,
        4308992,
        4308992,
        4308992,
        4308992,
        4308992,
        4308992,
        4308992,
        4308992,
        4308992,
        4308992,
        4308992
      ],
      "exit_codes": [
        0,
        0,
        0,
        0,
        0,
        0,
        0,
        0,
        0,
        0,
        0,
        0,
        0,
        0,
        0
      ]
    }
  ]
}
