{
  "results": [
    {
      "command": "/Users/benvds/code/complexity-guard/target/release/complexity-guard --format json --fail-on none /Users/benvds/code/complexity-guard/benchmarks/projects/slidev",
      "mean": 0.02455561121333333,
      "stddev": 0.0016837523501385433,
      "median": 0.024741363480000004,
      "user": 0.12090050666666667,
      "system": 0.019826259999999995,
      "min": 0.02259315648,
      "max": 0.028305197480000006,
      "times": [
        0.027370905480000002,
        0.023158697480000004,
        0.022791322480000004,
        0.023111238480000004,
        0.024767155480000004,
        0.023029072480000003,
        0.023319822480000002,
        0.02511282248,
        0.025386530480000002,
        0.025708905480000002,
        0.024741363480000004,
        0.02259315648,
        0.024010322480000002,
        0.028305197480000006,
        0.02492765548
      ],
      "memory_usage_byte": [
        8847360,
        8962048,
        8962048,
        8962048,
        8962048,
        8962048,
        8962048,
        8962048,
        9027584,
        9027584,
        9027584,
        9240576,
        9240576,
        9240576,
        9240576
      ],
      "exit_codes": [
        0,
        0,
        0,
        0,
        0,
        0,
        0,
        0,
        0,
        0,
        0,
        0,
        0,
        0,
        0
      ]
    }
  ]
}
