{
  "results": [
    {
      "command": "/Users/benvds/code/complexity-guard/target/release/complexity-guard --format json --fail-on none /Users/benvds/code/complexity-guard/benchmarks/projects/slidev",
      "mean": 0.023838718013333333,
      "stddev": 0.0016708982289274346,
      "median": 0.023516062480000002,
      "user": 0.11865961333333332,
      "system": 0.013675379999999997,
      "min": 0.021991896480000002,
      "max": 0.02776214548,
      "times": [
        0.023516062480000002,
        0.023613312480000002,
        0.024920812480000006,
        0.024699145480000004,
        0.02776214548,
        0.022312353480000005,
        0.027043937480000002,
        0.023997062480000005,
        0.02297535448,
        0.02267043748,
        0.023000896480000005,
        0.021991896480000002,
        0.022860145480000003,
        0.023721853480000006,
        0.02249535448
      ],
      "memory_usage_byte": [
        8716288,
        8716288,
        8716288,
        8945664,
        8945664,
        8945664,
        8945664,
        8945664,
        8945664,
        8945664,
        8945664,
        8945664,
        8945664,
        8945664,
        8945664
      ],
      "exit_codes": [
        0,
        0,
        0,
        0,
        0,
        0,
        0,
        0,
        0,
        0,
        0,
        0,
        0,
        0,
        0
      ]
    }
  ]
}
