{
  "results": [
    {
      "command": "/Users/benvds/code/complexity-guard/target/release/complexity-guard --format json --fail-on none /Users/benvds/code/complexity-guard/benchmarks/projects/socket.io",
      "mean": 0.0535200295,
      "stddev": 0.005227950019687506,
      "median": 0.051348334700000005,
      "user": 0.2893181533333333,
      "system": 0.021194439999999995,
      "min": 0.0488976267,
      "max": 0.0663130437,
      "times": [
        0.0544074187,
        0.050708251700000005,
        0.05046050170000001,
        0.0500773767,
        0.05108187670000001,
        0.0513290017,
        0.0488976267,
        0.051348334700000005,
        0.0546032097,
        0.04997371070000001,
        0.0663130437,
        0.05375362670000001,
        0.0651221267,
        0.0516035847,
        0.0531207517
      ],
      "memory_usage_byte": [
        21282816,
        21282816,
        21839872,
        22052864,
        22052864,
        22052864,
        22052864,
        22052864,
        22052864,
        23527424,
        23527424,
        23527424,
        23527424,
        23527424,
        23527424
      ],
      "exit_codes": [
        0,
        0,
        0,
        0,
        0,
        0,
        0,
        0,
        0,
        0,
        0,
        0,
        0,
        0,
        0
      ]
    }
  ]
}
