{
  "results": [
    {
      "command": "/Users/benvds/code/complexity-guard/target/release/complexity-guard --format json --fail-on none /Users/benvds/code/complexity-guard/benchmarks/projects/socket.io",
      "mean": 0.05822533061999999,
      "stddev": 0.005362606654732207,
      "median": 0.05713004102000001,
      "user": 0.29785003333333326,
      "system": 0.028490286666666663,
      "min": 0.05207012502,
      "max": 0.07310366602000001,
      "times": [
        0.05693966702,
        0.05707120802,
        0.057157125020000005,
        0.05321879102,
        0.05713004102000001,
        0.05207012502,
        0.05721904202,
        0.05585850002000001,
        0.054117542020000006,
        0.06470508402000001,
        0.057597459020000005,
        0.05503341702,
        0.07310366602000001,
        0.06428979202,
        0.057868500020000005
      ],
      "memory_usage_byte": [
        22396928,
        22396928,
        22757376,
        22757376,
        22757376,
        22757376,
        22757376,
        22757376,
        22757376,
        22757376,
        22757376,
        22757376,
        22757376,
        22757376,
        22757376
      ],
      "exit_codes": [
        0,
        0,
        0,
        0,
        0,
        0,
        0,
        0,
        0,
        0,
        0,
        0,
        0,
        0,
        0
      ]
    }
  ]
}
