{
  "results": [
    {
      "command": "/Users/benvds/code/complexity-guard/target/release/complexity-guard --format json --fail-on none /Users/benvds/code/complexity-guard/benchmarks/projects/storybook",
      "mean": 0.20328885568000002,
      "stddev": 0.0071038526203448865,
      "median": 0.20291300868000003,
      "user": 1.1730169933333334,
      "system": 0.21721836,
      "min": 0.19020004968,
      "max": 0.21489596668000002,
      "times": [
        0.21489596668000002,
        0.19628438268,
        0.21008617568000001,
        0.19640355068,
        0.19494475868000002,
        0.21156938368000003,
        0.20490588368,
        0.19020004968,
        0.20908409168000003,
        0.20291300868000003,
        0.20162763368000003,
        0.21074396668000003,
        0.19859750868000003,
        0.20235771668000002,
        0.20471875768000003
      ],
      "memory_usage_byte": [
        29327360,
        29327360,
        29327360,
        29327360,
        29327360,
        29327360,
        29327360,
        29327360,
        29327360,
        29327360,
        29327360,
        29327360,
        29327360,
        29327360,
        29327360
      ],
      "exit_codes": [
        0,
        0,
        0,
        0,
        0,
        0,
        0,
        0,
        0,
        0,
        0,
        0,
        0,
        0,
        0
      ]
    }
  ]
}
