{
  "results": [
    {
      "command": "/Users/benvds/code/complexity-guard/target/release/complexity-guard --format json --fail-on none /Users/benvds/code/complexity-guard/benchmarks/projects/storybook",
      "mean": 0.2708808104133334,
      "stddev": 0.017782129583230482,
      "median": 0.26928358188,
      "user": 1.3362452733333332,
      "system": 0.13878098,
      "min": 0.25412570788,
      "max": 0.32749354088,
      "times": [
        0.26413070788,
        0.25450829088,
        0.25412570788,
        0.25712324888,
        0.27294912488,
        0.26928358188,
        0.27514824888,
        0.28193245788,
        0.26911187388,
        0.27137070788,
        0.26588474887999997,
        0.26949745788,
        0.32749354088,
        0.27530370787999997,
        0.25534874988
      ],
      "memory_usage_byte": [
        65929216,
        65929216,
        65929216,
        65929216,
        65929216,
        65929216,
        65929216,
        65929216,
        65929216,
        65929216,
        65929216,
        65929216,
        66207744,
        66207744,
        66387968
      ],
      "exit_codes": [
        0,
        0,
        0,
        0,
        0,
        0,
        0,
        0,
        0,
        0,
        0,
        0,
        0,
        0,
        0
      ]
    }
  ]
}
