{
  "results": [
    {
      "command": "/Users/benvds/code/complexity-guard/target/release/complexity-guard --format json --fail-on none /Users/benvds/code/complexity-guard/benchmarks/projects/strapi",
      "mean": 0.3042355390866666,
      "stddev": 0.012637512265639158,
      "median": 0.30436725622,
      "user": 1.75005866,
      "system": 0.2791361466666667,
      "min": 0.28371408922,
      "max": 0.32849996422,
      "times": [
        0.32849996422,
        0.30823525622000003,
        0.28371408922,
        0.32686679722,
        0.29457154722,
        0.30790067222,
        0.31478750622,
        0.30436725622,
        0.29601592222,
        0.28894904722000003,
        0.30971550522,
        0.29803758922,
        0.29986496422000003,
        0.29508888022,
        0.30691808922
      ],
      "memory_usage_byte": [
        25018368,
        25018368,
        25018368,
        25018368,
        25018368,
        25051136,
        25051136,
        25051136,
        25051136,
        25051136,
        25264128,
        25264128,
        25264128,
        25264128,
        25264128
      ],
      "exit_codes": [
        0,
        0,
        0,
        0,
        0,
        0,
        0,
        0,
        0,
        0,
        0,
        0,
        0,
        0,
        0
      ]
    }
  ]
}
