{
  "results": [
    {
      "command": "/Users/benvds/code/complexity-guard/target/release/complexity-guard --format json --fail-on none /Users/benvds/code/complexity-guard/benchmarks/projects/supabase-js",
      "mean": 0.013642205806666668,
      "stddev": 0.000756585574231425,
      "median": 0.013526597140000002,
      "user": 0.01855874,
      "system": 0.004752139999999999,
      "min": 0.01254230614,
      "max": 0.01476738914,
      "times": [
        0.013449848140000002,
        0.01282684814,
        0.01279038914,
        0.014548972140000001,
        0.014308055140000001,
        0.012698264140000002,
        0.01369084714,
        0.01311534814,
        0.013526597140000002,
        0.01254230614,
        0.01445047214,
        0.01428226414,
        0.014335514140000002,
        0.013299972140000001,
        0.01476738914
      ],
      "memory_usage_byte": [
        8601600,
        8601600,
        8601600,
        8601600,
        8601600,
        8601600,
        8601600,
        8601600,
        8601600,
        8601600,
        8601600,
        8601600,
        8667136,
        8667136,
        8667136
      ],
      "exit_codes": [
        0,
        0,
        0,
        0,
        0,
        0,
        0,
        0,
        0,
        0,
        0,
        0,
        0,
        0,
        0
      ]
    }
  ]
}
