{
  "results": [
    {
      "command": "/Users/benvds/code/complexity-guard/target/release/complexity-guard --format json --fail-on none /Users/benvds/code/complexity-guard/benchmarks/projects/superstruct",
      "mean": 0.012506737740000003,
      "stddev": 0.0009596938370587779,
      "median": 0.012423995540000003,
      "user": 0.04547014666666667,
      "system": 0.013901300000000002,
      "min": 0.011229329540000003,
      "max": 0.015352537540000002,
      "times": [
        0.011464412540000003,
        0.012388537540000001,
        0.011906996540000003,
        0.013217204540000003,
        0.01206607954,
        0.012454996540000002,
        0.011974204540000002,
        0.013168620540000002,
        0.012423995540000003,
        0.015352537540000002,
        0.012086621540000002,
        0.011229329540000003,
        0.01278316254,
        0.01244691254,
        0.012637454540000002
      ],
      "memory_usage_byte": [
        7356416,
        7356416,
        7356416,
        7356416,
        7372800,
        7372800,
        7372800,
        7372800,
        7372800,
        7372800,
        7372800,
        7372800,
        7372800,
        7372800,
        7372800
      ],
      "exit_codes": [
        0,
        0,
        0,
        0,
        0,
        0,
        0,
        0,
        0,
        0,
        0,
        0,
        0,
        0,
        0
      ]
    }
  ]
}
