{
  "results": [
    {
      "command": "/Users/benvds/code/complexity-guard/target/release/complexity-guard --format json --fail-on none /Users/benvds/code/complexity-guard/benchmarks/projects/superstruct",
      "mean": 0.015673504493333337,
      "stddev": 0.0011476141625488857,
      "median": 0.015560018759999999,
      "user": 0.04119246666666666,
      "system": 0.02336442666666667,
      "min": 0.01428022676,
      "max": 0.01840697676,
      "times": [
        0.015560018759999999,
        0.014642392760000001,
        0.01718260176,
        0.015593601759999999,
        0.01567680976,
        0.01494364376,
        0.01487272676,
        0.01662610176,
        0.01840697676,
        0.014695018760000001,
        0.01677701776,
        0.01451547676,
        0.01584880976,
        0.01428022676,
        0.01548114376
      ],
      "memory_usage_byte": [
        7340032,
        7340032,
        7520256,
        7520256,
        7520256,
        7520256,
        7520256,
        7520256,
        7520256,
        7520256,
        7520256,
        7520256,
        7520256,
        7520256,
        7520256
      ],
      "exit_codes": [
        0,
        0,
        0,
        0,
        0,
        0,
        0,
        0,
        0,
        0,
        0,
        0,
        0,
        0,
        0
      ]
    }
  ]
}
