{
  "results": [
    {
      "command": "/Users/benvds/code/complexity-guard/target/release/complexity-guard --format json --fail-on none /Users/benvds/code/complexity-guard/benchmarks/projects/tailwindcss",
      "mean": 0.052056424713333334,
      "stddev": 0.00388582061584828,
      "median": 0.05196672678,
      "user": 0.26627576666666664,
      "system": 0.02112196,
      "min": 0.04315868578,
      "max": 0.05855706078,
      "times": [
        0.05228393578,
        0.05196672678,
        0.05382751878,
        0.05067647778000001,
        0.05128293578,
        0.05167726978000001,
        0.04704964378,
        0.053870852780000006,
        0.05518464478,
        0.04937768578,
        0.05021014378000001,
        0.04315868578,
        0.05765551978,
        0.05406726878000001,
        0.05855706078
      ],
      "memory_usage_byte": [
        20250624,
        20250624,
        20250624,
        20250624,
        20250624,
        20250624,
        20250624,
        20250624,
        20250624,
        20250624,
        20250624,
        20250624,
        20250624,
        20250624,
        20250624
      ],
      "exit_codes": [
        0,
        0,
        0,
        0,
        0,
        0,
        0,
        0,
        0,
        0,
        0,
        0,
        0,
        0,
        0
      ]
    }
  ]
}
