{
  "results": [
    {
      "command": "/Users/benvds/code/complexity-guard/target/release/complexity-guard --format json --fail-on none /Users/benvds/code/complexity-guard/benchmarks/projects/tanstack-query",
      "mean": 0.08592516351333332,
      "stddev": 0.005310636155160277,
      "median": 0.08619638618000001,
      "user": 0.4515391666666666,
      "system": 0.05826836,
      "min": 0.07327271918000001,
      "max": 0.09553863618000001,
      "times": [
        0.09182946918000001,
        0.08364651018000001,
        0.09553863618000001,
        0.07327271918000001,
        0.08287338518000001,
        0.08013017718000001,
        0.08527267718,
        0.08262496918000001,
        0.08893830218000001,
        0.08773484418000001,
        0.09123684418000001,
        0.08797096918000001,
        0.08707388518,
        0.08619638618000001,
        0.08453767818
      ],
      "memory_usage_byte": [
        25034752,
        25034752,
        25034752,
        25034752,
        25034752,
        25034752,
        25034752,
        25034752,
        25034752,
        25034752,
        25034752,
        25034752,
        25034752,
        25034752,
        25034752
      ],
      "exit_codes": [
        0,
        0,
        0,
        0,
        0,
        0,
        0,
        0,
        0,
        0,
        0,
        0,
        0,
        0,
        0
      ]
    }
  ]
}
