{
  "results": [
    {
      "command": "/Users/benvds/code/complexity-guard/target/release/complexity-guard --format json --fail-on none /Users/benvds/code/complexity-guard/benchmarks/projects/three.js",
      "mean": 0.6432474512133334,
      "stddev": 0.21674568970418376,
      "median": 0.5555748062800001,
      "user": 2.8917278333333334,
      "system": 0.12609162666666668,
      "min": 0.5457521402800001,
      "max": 1.20559434828,
      "times": [
        0.5945339312800001,
        1.1422458072800001,
        0.54997855628,
        0.55232493128,
        0.5588927232800001,
        0.5559895152800001,
        0.54901218228,
        0.5555748062800001,
        1.20559434828,
        0.6227945152800001,
        0.55159539028,
        0.5551271402800001,
        0.5457521402800001,
        0.5593472232800001,
        0.5499485572800001
      ],
      "memory_usage_byte": [
        293961728,
        293961728,
        293961728,
        293961728,
        309723136,
        309723136,
        313098240,
        313098240,
        313098240,
        313098240,
        313098240,
        313098240,
        313098240,
        313098240,
        313098240
      ],
      "exit_codes": [
        0,
        0,
        0,
        0,
        0,
        0,
        0,
        0,
        0,
        0,
        0,
        0,
        0,
        0,
        0
      ]
    }
  ]
}
