{
  "results": [
    {
      "command": "/Users/benvds/code/complexity-guard/target/release/complexity-guard --format json --fail-on none /Users/benvds/code/complexity-guard/benchmarks/projects/three.js",
      "mean": 0.7053877619066667,
      "stddev": 0.18971262245244622,
      "median": 0.6235539396399999,
      "user": 3.1390450066666657,
      "system": 0.1464569066666667,
      "min": 0.56056643964,
      "max": 1.1751220236400002,
      "times": [
        0.69586381464,
        0.66957706464,
        0.60637889764,
        0.61328185664,
        1.1751220236400002,
        1.15097923164,
        0.6235539396399999,
        0.61364377264,
        0.62093118964,
        0.56056643964,
        0.62460135664,
        0.62092323164,
        0.61714206464,
        0.68744077264,
        0.70081077264
      ],
      "memory_usage_byte": [
        316669952,
        316669952,
        317833216,
        374145024,
        374145024,
        374145024,
        374145024,
        374145024,
        374145024,
        374145024,
        374145024,
        374145024,
        374145024,
        374145024,
        374145024
      ],
      "exit_codes": [
        0,
        0,
        0,
        0,
        0,
        0,
        0,
        0,
        0,
        0,
        0,
        0,
        0,
        0,
        0
      ]
    }
  ]
}
