{
  "results": [
    {
      "command": "/Users/benvds/code/complexity-guard/target/release/complexity-guard --format json --fail-on none /Users/benvds/code/complexity-guard/benchmarks/projects/trpc",
      "mean": 0.06657863711999999,
      "stddev": 0.0032391396384899534,
      "median": 0.06686996752,
      "user": 0.3933612799999999,
      "system": 0.057570906666666664,
      "min": 0.061178050520000006,
      "max": 0.07240205152,
      "times": [
        0.06396871752,
        0.07136425852,
        0.06490775952,
        0.07240205152,
        0.06384109252,
        0.06702717652,
        0.06984205152,
        0.06285205052,
        0.06389292652,
        0.061178050520000006,
        0.06719500952,
        0.06686996752,
        0.06565350952,
        0.06846300952,
        0.06922192552
      ],
      "memory_usage_byte": [
        14942208,
        15777792,
        15777792,
        15777792,
        15777792,
        15777792,
        15777792,
        15777792,
        15777792,
        15777792,
        15777792,
        15777792,
        15777792,
        15777792,
        15777792
      ],
      "exit_codes": [
        0,
        0,
        0,
        0,
        0,
        0,
        0,
        0,
        0,
        0,
        0,
        0,
        0,
        0,
        0
      ]
    }
  ]
}
