{
  "results": [
    {
      "command": "/Users/benvds/code/complexity-guard/target/release/complexity-guard --format json --fail-on none /Users/benvds/code/complexity-guard/benchmarks/projects/typeorm",
      "mean": 0.22705755834666666,
      "stddev": 0.009280099906630392,
      "median": 0.22736737528,
      "user": 1.1967214600000002,
      "system": 0.2517098533333333,
      "min": 0.21415120828,
      "max": 0.24819829128000004,
      "times": [
        0.21415120828,
        0.22518733328,
        0.22739800028,
        0.22180316628000002,
        0.22736737528,
        0.23422570828000003,
        0.21439033328,
        0.24008437528,
        0.23459416728000002,
        0.22837895828000002,
        0.24819829128000004,
        0.22783895828000003,
        0.22007650028000003,
        0.22127779128000002,
        0.22089120828000003
      ],
      "memory_usage_byte": [
        31539200,
        31539200,
        31539200,
        32620544,
        34865152,
        34865152,
        34865152,
        34865152,
        34865152,
        34865152,
        34865152,
        34865152,
        35061760,
        35061760,
        35061760
      ],
      "exit_codes": [
        0,
        0,
        0,
        0,
        0,
        0,
        0,
        0,
        0,
        0,
        0,
        0,
        0,
        0,
        0
      ]
    }
  ]
}
