{
  "results": [
    {
      "command": "/Users/benvds/code/complexity-guard/target/release/complexity-guard --format json --fail-on none /Users/benvds/code/complexity-guard/benchmarks/projects/typescript",
      "mean": 0.4314608814466666,
      "stddev": 0.2516584864637267,
      "median": 0.38454146458,
      "user": 2.1688322466666667,
      "system": 0.46245692,
      "min": 0.18843808958000002,
      "max": 1.13102233958,
      "times": [
        0.38955833958,
        0.18843808958000002,
        0.41858200658,
        1.13102233958,
        0.88068938158,
        0.26123075658,
        0.41099804858,
        0.38454146458,
        0.41609504858,
        0.5020928395800001,
        0.30054196458,
        0.25869921458,
        0.37119088158,
        0.29663404758,
        0.26159879858
      ],
      "memory_usage_byte": [
        204734464,
        204734464,
        204734464,
        208158720,
        214073344,
        214073344,
        214073344,
        214073344,
        214073344,
        214073344,
        214073344,
        214073344,
        214073344,
        214073344,
        214073344
      ],
      "exit_codes": [
        134,
        134,
        134,
        134,
        134,
        134,
        134,
        134,
        134,
        134,
        134,
        134,
        134,
        134,
        134
      ]
    }
  ]
}
