{
  "results": [
    {
      "command": "/Users/benvds/code/complexity-guard/target/release/complexity-guard --format json --fail-on none /Users/benvds/code/complexity-guard/benchmarks/projects/typescript",
      "mean": 9.815303744346666,
      "stddev": 0.297528005444683,
      "median": 9.84732831668,
      "user": 70.65591853333335,
      "system": 2.861991273333333,
      "min": 9.393265316679999,
      "max": 10.37420564968,
      "times": [
        9.84732831668,
        10.073629691679999,
        10.10637781668,
        9.93903027468,
        9.50164227468,
        9.66600298268,
        9.393265316679999,
        9.50907194168,
        9.94075365068,
        9.66411148268,
        9.56605606668,
        10.37420564968,
        9.532321357679999,
        10.24241185868,
        9.87334748368
      ],
      "memory_usage_byte": [
        184418304,
        192249856,
        192249856,
        192249856,
        192249856,
        192249856,
        199704576,
        199704576,
        199704576,
        199704576,
        199704576,
        199704576,
        199704576,
        199704576,
        199704576
      ],
      "exit_codes": [
        0,
        0,
        0,
        0,
        0,
        0,
        0,
        0,
        0,
        0,
        0,
        0,
        0,
        0,
        0
      ]
    }
  ]
}
