{
  "results": [
    {
      "command": "/Users/benvds/code/complexity-guard/target/release/complexity-guard --format json --fail-on none /Users/benvds/code/complexity-guard/benchmarks/projects/undici",
      "mean": 0.13595606764666668,
      "stddev": 0.007004732806195823,
      "median": 0.13434948198000002,
      "user": 0.8801267933333334,
      "system": 0.09402836,
      "min": 0.12593806498000001,
      "max": 0.14975473098000003,
      "times": [
        0.13404535698,
        0.13850698098000003,
        0.14975473098000003,
        0.14141677298000002,
        0.14290164898000002,
        0.14321318998000002,
        0.12593806498000001,
        0.13226973198000003,
        0.14176543998000002,
        0.12796656498,
        0.12876964798,
        0.12697998098000002,
        0.13358535598000001,
        0.13787806498000002,
        0.13434948198000002
      ],
      "memory_usage_byte": [
        24412160,
        24412160,
        24412160,
        24412160,
        24412160,
        24461312,
        24461312,
        24461312,
        24461312,
        24461312,
        24461312,
        24461312,
        24461312,
        24461312,
        24838144
      ],
      "exit_codes": [
        0,
        0,
        0,
        0,
        0,
        0,
        0,
        0,
        0,
        0,
        0,
        0,
        0,
        0,
        0
      ]
    }
  ]
}
