{
  "results": [
    {
      "command": "/Users/benvds/code/complexity-guard/target/release/complexity-guard --format json --fail-on none /Users/benvds/code/complexity-guard/benchmarks/projects/undici",
      "mean": 0.12401513051333332,
      "stddev": 0.007638992865499689,
      "median": 0.12445649958,
      "user": 0.8087447199999999,
      "system": 0.05767643999999999,
      "min": 0.11217337558,
      "max": 0.13664658358,
      "times": [
        0.11217337558,
        0.12445649958,
        0.11677524958,
        0.12820608358000002,
        0.11528875058,
        0.12190724958,
        0.13024733258,
        0.12592412458000002,
        0.13195533358000003,
        0.11526595858000001,
        0.13664658358,
        0.12582883358000002,
        0.12202854158,
        0.11776124958,
        0.13576179158
      ],
      "memory_usage_byte": [
        24821760,
        24821760,
        24821760,
        24821760,
        24821760,
        24821760,
        24821760,
        24821760,
        24821760,
        25018368,
        25018368,
        25018368,
        25018368,
        25018368,
        25018368
      ],
      "exit_codes": [
        0,
        0,
        0,
        0,
        0,
        0,
        0,
        0,
        0,
        0,
        0,
        0,
        0,
        0,
        0
      ]
    }
  ]
}
