{
  "results": [
    {
      "command": "/Users/benvds/code/complexity-guard/target/release/complexity-guard --format json --fail-on none /Users/benvds/code/complexity-guard/benchmarks/projects/valibot",
      "mean": 0.12141193795333335,
      "stddev": 0.004980684409900984,
      "median": 0.12182712082000002,
      "user": 0.6834555933333333,
      "system": 0.13961883333333333,
      "min": 0.11391187182000001,
      "max": 0.12816824582000003,
      "times": [
        0.12295641282,
        0.11779882982,
        0.11464807982000001,
        0.12182712082000002,
        0.12459024582,
        0.11723987182000001,
        0.12723907982000002,
        0.11391187182000001,
        0.12735937082,
        0.11641095482000001,
        0.12816824582000003,
        0.12133107982000002,
        0.12303370482,
        0.11695320482000002,
        0.12771099582
      ],
      "memory_usage_byte": [
        17088512,
        17088512,
        17137664,
        17285120,
        17285120,
        17924096,
        17924096,
        17924096,
        17924096,
        17924096,
        17924096,
        17924096,
        17924096,
        17924096,
        17924096
      ],
      "exit_codes": [
        0,
        0,
        0,
        0,
        0,
        0,
        0,
        0,
        0,
        0,
        0,
        0,
        0,
        0,
        0
      ]
    }
  ]
}
