{
  "results": [
    {
      "command": "/Users/benvds/code/complexity-guard/target/release/complexity-guard --format json --fail-on none /Users/benvds/code/complexity-guard/benchmarks/projects/valibot",
      "mean": 0.11832871966,
      "stddev": 0.01472711168027774,
      "median": 0.11371044746,
      "user": 0.6785878266666665,
      "system": 0.08452721999999999,
      "min": 0.11026503146000001,
      "max": 0.16933936446000003,
      "times": [
        0.16933936446000003,
        0.11305836446,
        0.11507086446,
        0.11658311446,
        0.11371044746,
        0.11367657246,
        0.11481603046000001,
        0.11311623846,
        0.12867632246000002,
        0.11026503146000001,
        0.11160603046,
        0.11305757246,
        0.11386653046,
        0.11195553046000001,
        0.11613278046
      ],
      "memory_usage_byte": [
        16564224,
        17006592,
        17268736,
        17465344,
        17465344,
        17465344,
        17465344,
        17465344,
        17465344,
        17465344,
        17465344,
        17465344,
        17465344,
        17465344,
        17465344
      ],
      "exit_codes": [
        0,
        0,
        0,
        0,
        0,
        0,
        0,
        0,
        0,
        0,
        0,
        0,
        0,
        0,
        0
      ]
    }
  ]
}
