{
  "results": [
    {
      "command": "/Users/benvds/code/complexity-guard/target/release/complexity-guard --format json --fail-on none /Users/benvds/code/complexity-guard/benchmarks/projects/verdaccio",
      "mean": 0.043406746833333336,
      "stddev": 0.0017315105712533403,
      "median": 0.0435215721,
      "user": 0.10505184,
      "system": 0.009443840000000002,
      "min": 0.0404141551,
      "max": 0.046577322100000006,
      "times": [
        0.043320447100000006,
        0.0421950301,
        0.0437606961,
        0.0445558641,
        0.042650905100000004,
        0.041731030100000004,
        0.040702114100000006,
        0.046577322100000006,
        0.04440398810000001,
        0.0444715721,
        0.04607178010000001,
        0.04313657110000001,
        0.043588155100000005,
        0.0404141551,
        0.0435215721
      ],
      "memory_usage_byte": [
        9043968,
        9043968,
        9043968,
        9043968,
        9043968,
        9043968,
        9043968,
        9043968,
        9551872,
        9551872,
        9551872,
        9551872,
        9551872,
        9551872,
        9551872
      ],
      "exit_codes": [
        0,
        0,
        0,
        0,
        0,
        0,
        0,
        0,
        0,
        0,
        0,
        0,
        0,
        0,
        0
      ]
    }
  ]
}
