{
  "results": [
    {
      "command": "/Users/benvds/code/complexity-guard/target/release/complexity-guard --format json --fail-on none /Users/benvds/code/complexity-guard/benchmarks/projects/verdaccio",
      "mean": 0.04409640169333333,
      "stddev": 0.002723750573463035,
      "median": 0.043787759960000006,
      "user": 0.10691522,
      "system": 0.012715766666666664,
      "min": 0.04049600996,
      "max": 0.05026213496,
      "times": [
        0.041101717960000006,
        0.04049600996,
        0.04484321796000001,
        0.04358246896,
        0.04105100996,
        0.043787759960000006,
        0.04429059296000001,
        0.044875676960000006,
        0.043183467960000006,
        0.045436426960000005,
        0.044156342960000004,
        0.04165896896000001,
        0.05026213496,
        0.04369017696000001,
        0.04903005196000001
      ],
      "memory_usage_byte": [
        9224192,
        9224192,
        9306112,
        9306112,
        9306112,
        9306112,
        9306112,
        9306112,
        9306112,
        9584640,
        9584640,
        9584640,
        9584640,
        9584640,
        9584640
      ],
      "exit_codes": [
        0,
        0,
        0,
        0,
        0,
        0,
        0,
        0,
        0,
        0,
        0,
        0,
        0,
        0,
        0
      ]
    }
  ]
}
