{
  "results": [
    {
      "command": "/Users/benvds/code/complexity-guard/target/release/complexity-guard --format json --fail-on none /Users/benvds/code/complexity-guard/benchmarks/projects/vite",
      "mean": 0.07705093762666668,
      "stddev": 0.0037030509630345074,
      "median": 0.07600770156000002,
      "user": 0.4059506199999999,
      "system": 0.05766688666666667,
      "min": 0.07256228456000001,
      "max": 0.08613603456000002,
      "times": [
        0.07544340956000001,
        0.07551078456000002,
        0.07703724356000001,
        0.07366615956000001,
        0.07611345156000002,
        0.07256228456000001,
        0.07811457656000001,
        0.07500182656000001,
        0.07912186856000002,
        0.08613603456000002,
        0.07600770156000002,
        0.07665903556000002,
        0.08432257656000001,
        0.07478865956000001,
        0.07527845156000001
      ],
      "memory_usage_byte": [
        18857984,
        18857984,
        18874368,
        18874368,
        18874368,
        18874368,
        18874368,
        18874368,
        18874368,
        18874368,
        18874368,
        19464192,
        19464192,
        19464192,
        19464192
      ],
      "exit_codes": [
        0,
        0,
        0,
        0,
        0,
        0,
        0,
        0,
        0,
        0,
        0,
        0,
        0,
        0,
        0
      ]
    }
  ]
}
