{
  "results": [
    {
      "command": "/Users/benvds/code/complexity-guard/target/release/complexity-guard --format json --fail-on none /Users/benvds/code/complexity-guard/benchmarks/projects/vite",
      "mean": 0.08276754781333336,
      "stddev": 0.0040483808408903945,
      "median": 0.08148951968000001,
      "user": 0.41859765999999987,
      "system": 0.10497488666666666,
      "min": 0.07623931168,
      "max": 0.08889197868000001,
      "times": [
        0.08148951968000001,
        0.08432177068,
        0.07623931168,
        0.08813072768,
        0.08146364468,
        0.08889197868000001,
        0.08769868668000001,
        0.08853572868000001,
        0.08349539468,
        0.08241539568,
        0.08135956168000001,
        0.07730126968,
        0.07877556168000001,
        0.08038101968000001,
        0.08101364568000001
      ],
      "memory_usage_byte": [
        19267584,
        19267584,
        19365888,
        19365888,
        19365888,
        19365888,
        19365888,
        19365888,
        19365888,
        19365888,
        19365888,
        19365888,
        19365888,
        19365888,
        19365888
      ],
      "exit_codes": [
        0,
        0,
        0,
        0,
        0,
        0,
        0,
        0,
        0,
        0,
        0,
        0,
        0,
        0,
        0
      ]
    }
  ]
}
