{
  "results": [
    {
      "command": "/Users/benvds/code/complexity-guard/target/release/complexity-guard --format json --fail-on none /Users/benvds/code/complexity-guard/benchmarks/projects/vitest",
      "mean": 0.09508892826,
      "stddev": 0.0034098644360220924,
      "median": 0.09486083886,
      "user": 0.5780715133333334,
      "system": 0.06770965333333333,
      "min": 0.09031717286,
      "max": 0.10392454786000001,
      "times": [
        0.09561350586,
        0.09671813086,
        0.09613571386,
        0.09189592286,
        0.09784771486,
        0.09370696486,
        0.09599392286,
        0.09335921386,
        0.09486083886,
        0.09445988086,
        0.09192017286,
        0.09031717286,
        0.09823417286,
        0.09134604786,
        0.10392454786000001
      ],
      "memory_usage_byte": [
        20004864,
        20004864,
        20004864,
        20004864,
        20004864,
        20004864,
        20004864,
        20004864,
        20004864,
        20004864,
        20004864,
        20004864,
        20004864,
        20004864,
        20004864
      ],
      "exit_codes": [
        0,
        0,
        0,
        0,
        0,
        0,
        0,
        0,
        0,
        0,
        0,
        0,
        0,
        0,
        0
      ]
    }
  ]
}
