{
  "results": [
    {
      "command": "/Users/benvds/code/complexity-guard/target/release/complexity-guard --format json --fail-on none /Users/benvds/code/complexity-guard/benchmarks/projects/vitest",
      "mean": 0.10652592583333335,
      "stddev": 0.007718653179031505,
      "median": 0.10506420930000002,
      "user": 0.6053089666666668,
      "system": 0.11817426666666668,
      "min": 0.09734825030000001,
      "max": 0.12965679330000002,
      "times": [
        0.10437158430000001,
        0.10682733430000001,
        0.11086508430000001,
        0.1038920843,
        0.09748287530000001,
        0.1086414593,
        0.10172570930000001,
        0.09734825030000001,
        0.10506420930000002,
        0.12965679330000002,
        0.11272345930000001,
        0.1043955423,
        0.10569454230000001,
        0.10790404230000002,
        0.10129591730000001
      ],
      "memory_usage_byte": [
        20578304,
        20578304,
        20578304,
        20578304,
        20578304,
        20578304,
        20578304,
        20578304,
        20578304,
        20578304,
        20578304,
        20578304,
        20578304,
        20578304,
        20578304
      ],
      "exit_codes": [
        0,
        0,
        0,
        0,
        0,
        0,
        0,
        0,
        0,
        0,
        0,
        0,
        0,
        0,
        0
      ]
    }
  ]
}
