{
  "results": [
    {
      "command": "/Users/benvds/code/complexity-guard/target/release/complexity-guard --format json --fail-on none /Users/benvds/code/complexity-guard/benchmarks/projects/vscode",
      "mean": 3.049598072253333,
      "stddev": 0.6208982881706788,
      "median": 3.24177380032,
      "user": 10.465163026666664,
      "system": 0.3399383733333333,
      "min": 1.52800938332,
      "max": 3.64227546632,
      "times": [
        3.2716541753199997,
        3.35598175832,
        3.15176817432,
        1.5646131753199999,
        1.52800938332,
        3.64227546632,
        3.2311600503199998,
        3.17027309232,
        3.2570250923199997,
        3.3398513413199997,
        3.21212413332,
        3.26885092432,
        3.22364625832,
        3.24177380032,
        3.28496425832
      ],
      "memory_usage_byte": [
        277856256,
        277856256,
        277856256,
        296206336,
        403128320,
        403128320,
        403128320,
        403128320,
        403128320,
        403128320,
        403128320,
        403128320,
        403128320,
        403128320,
        403128320
      ],
      "exit_codes": [
        0,
        0,
        0,
        0,
        0,
        0,
        0,
        0,
        0,
        0,
        0,
        0,
        0,
        0,
        0
      ]
    }
  ]
}
