{
  "results": [
    {
      "command": "/Users/benvds/code/complexity-guard/target/release/complexity-guard --format json --fail-on none /Users/benvds/code/complexity-guard/benchmarks/projects/vscode",
      "mean": 3.2808337386666664,
      "stddev": 0.4183908716090134,
      "median": 3.3098482612000004,
      "user": 11.116251740000001,
      "system": 0.3826908866666666,
      "min": 1.8653184692,
      "max": 3.7122919272000003,
      "times": [
        3.7122919272000003,
        3.6520543022000003,
        3.3437951782,
        3.3108608852000003,
        3.3092653032,
        3.3098482612000004,
        3.3873069692000004,
        3.2843960522000004,
        1.8653184692,
        3.2507345942000003,
        3.2973563862,
        3.2359814692000004,
        3.5870672612000005,
        3.3703108022,
        3.2959182192000003
      ],
      "memory_usage_byte": [
        233259008,
        233259008,
        233259008,
        233259008,
        233259008,
        233259008,
        233259008,
        233259008,
        233259008,
        233259008,
        233259008,
        233259008,
        233259008,
        233259008,
        233259008
      ],
      "exit_codes": [
        0,
        0,
        0,
        0,
        0,
        0,
        0,
        0,
        0,
        0,
        0,
        0,
        0,
        0,
        0
      ]
    }
  ]
}
