{
  "results": [
    {
      "command": "/Users/benvds/code/complexity-guard/target/release/complexity-guard --format json --fail-on none /Users/benvds/code/complexity-guard/benchmarks/projects/vue-core",
      "mean": 0.09687189341333333,
      "stddev": 0.00321972929150177,
      "median": 0.09638351068,
      "user": 0.7254877399999999,
      "system": 0.026834786666666662,
      "min": 0.09287221868000001,
      "max": 0.10615030168,
      "times": [
        0.09477467668,
        0.09828646868,
        0.09759092668000001,
        0.09287221868000001,
        0.09772646768,
        0.09336330168000001,
        0.09884513468,
        0.09798817668000001,
        0.09591405168,
        0.09623575968,
        0.09638351068,
        0.09334351068,
        0.09820380168000001,
        0.09540009368,
        0.10615030168
      ],
      "memory_usage_byte": [
        20480000,
        20480000,
        20480000,
        20480000,
        20480000,
        20480000,
        20480000,
        20480000,
        20480000,
        20480000,
        20480000,
        20512768,
        20512768,
        20512768,
        20512768
      ],
      "exit_codes": [
        0,
        0,
        0,
        0,
        0,
        0,
        0,
        0,
        0,
        0,
        0,
        0,
        0,
        0,
        0
      ]
    }
  ]
}
