{
  "results": [
    {
      "command": "/Users/benvds/code/complexity-guard/target/release/complexity-guard --format json --fail-on none /Users/benvds/code/complexity-guard/benchmarks/projects/vue-core",
      "mean": 0.10198232532666668,
      "stddev": 0.005385308768858874,
      "median": 0.10101272286000001,
      "user": 0.7282601599999999,
      "system": 0.035644213333333334,
      "min": 0.09447418086,
      "max": 0.11644180586000001,
      "times": [
        0.09710276386000001,
        0.10196188886,
        0.10098672286,
        0.10182597286,
        0.10066018086,
        0.11644180586000001,
        0.10101272286000001,
        0.10599163986000001,
        0.10778097286,
        0.09447418086,
        0.09899180586,
        0.10282418086,
        0.09509897186,
        0.10404226386000001,
        0.10053880586000001
      ],
      "memory_usage_byte": [
        21577728,
        21577728,
        21577728,
        21577728,
        21577728,
        21577728,
        21577728,
        21577728,
        21577728,
        21577728,
        21577728,
        21577728,
        21577728,
        21577728,
        21577728
      ],
      "exit_codes": [
        0,
        0,
        0,
        0,
        0,
        0,
        0,
        0,
        0,
        0,
        0,
        0,
        0,
        0,
        0
      ]
    }
  ]
}
