{
  "results": [
    {
      "command": "/Users/benvds/code/complexity-guard/target/release/complexity-guard --format json --fail-on none /Users/benvds/code/complexity-guard/benchmarks/projects/webpack",
      "mean": 0.32703862285333335,
      "stddev": 0.030598919634818617,
      "median": 0.32735415912000004,
      "user": 1.2372846399999997,
      "system": 0.7131223999999999,
      "min": 0.28415174212,
      "max": 0.38025815912000005,
      "times": [
        0.38025815912000005,
        0.31150949212,
        0.33677095112000005,
        0.34174628412,
        0.34248640912,
        0.28844399212000005,
        0.32735415912000004,
        0.32230178412000005,
        0.37410711712000005,
        0.31460090912000005,
        0.28590795012000003,
        0.34462870012,
        0.28415174212,
        0.29600370112,
        0.35530799212
      ],
      "memory_usage_byte": [
        52494336,
        52494336,
        52494336,
        52494336,
        52494336,
        53395456,
        53395456,
        53395456,
        53395456,
        53395456,
        53395456,
        53395456,
        53395456,
        53395456,
        53395456
      ],
      "exit_codes": [
        0,
        0,
        0,
        0,
        0,
        0,
        0,
        0,
        0,
        0,
        0,
        0,
        0,
        0,
        0
      ]
    }
  ]
}
