{
  "results": [
    {
      "command": "/Users/benvds/code/complexity-guard/target/release/complexity-guard --format json --fail-on none /Users/benvds/code/complexity-guard/benchmarks/projects/webpack",
      "mean": 0.27279475057999997,
      "stddev": 0.025204543898268688,
      "median": 0.27029012038,
      "user": 1.1316095066666667,
      "system": 0.36403162000000006,
      "min": 0.23291732838,
      "max": 0.31286199538000004,
      "times": [
        0.31286199538000004,
        0.23291732838,
        0.24821820338,
        0.29311941138000003,
        0.30858112038,
        0.29819524438,
        0.29789832838,
        0.26473495338,
        0.27227070338000003,
        0.25709962038,
        0.24105762038,
        0.24795053638000003,
        0.26382195338000003,
        0.27029012038,
        0.28290411938000004
      ],
      "memory_usage_byte": [
        49676288,
        49987584,
        49987584,
        49987584,
        49987584,
        49987584,
        49987584,
        49987584,
        49987584,
        51544064,
        51544064,
        51544064,
        51544064,
        51544064,
        51544064
      ],
      "exit_codes": [
        0,
        0,
        0,
        0,
        0,
        0,
        0,
        0,
        0,
        0,
        0,
        0,
        0,
        0,
        0
      ]
    }
  ]
}
