{
  "results": [
    {
      "command": "/Users/benvds/code/complexity-guard/target/release/complexity-guard --format json --fail-on none /Users/benvds/code/complexity-guard/benchmarks/projects/winston",
      "mean": 0.01250427634,
      "stddev": 0.0005071317812721996,
      "median": 0.01247187654,
      "user": 0.04617165333333333,
      "system": 0.009489726666666665,
      "min": 0.011592251540000001,
      "max": 0.013281876540000001,
      "times": [
        0.011706876540000001,
        0.01308145954,
        0.013004209539999999,
        0.011592251540000001,
        0.01240833454,
        0.013281876540000001,
        0.01205833454,
        0.013001001540000001,
        0.01247187654,
        0.012575792539999998,
        0.01201396054,
        0.012315292540000002,
        0.01275533454,
        0.01287604254,
        0.012421501540000001
      ],
      "memory_usage_byte": [
        7946240,
        7946240,
        7946240,
        8224768,
        8224768,
        8224768,
        8224768,
        8224768,
        8224768,
        8224768,
        8224768,
        8224768,
        8224768,
        8224768,
        8224768
      ],
      "exit_codes": [
        0,
        0,
        0,
        0,
        0,
        0,
        0,
        0,
        0,
        0,
        0,
        0,
        0,
        0,
        0
      ]
    }
  ]
}
