{
  "results": [
    {
      "command": "/Users/benvds/code/complexity-guard/target/release/complexity-guard --format json --fail-on none /Users/benvds/code/complexity-guard/benchmarks/projects/winston",
      "mean": 0.012581580933333336,
      "stddev": 0.0012228392301127887,
      "median": 0.012316005800000002,
      "user": 0.04516978666666667,
      "system": 0.006919279999999998,
      "min": 0.011019172800000004,
      "max": 0.015439297800000005,
      "times": [
        0.014201255800000003,
        0.013522297800000003,
        0.011093963800000002,
        0.012269463800000005,
        0.011019172800000004,
        0.011608422800000004,
        0.011891880800000004,
        0.013067797800000003,
        0.012731630800000004,
        0.015439297800000005,
        0.012555880800000002,
        0.013494797800000003,
        0.012316005800000002,
        0.012284172800000003,
        0.011227672800000005
      ],
      "memory_usage_byte": [
        7897088,
        7897088,
        7897088,
        7897088,
        7897088,
        7897088,
        7897088,
        7897088,
        7897088,
        7897088,
        7897088,
        7897088,
        7897088,
        7897088,
        7897088
      ],
      "exit_codes": [
        0,
        0,
        0,
        0,
        0,
        0,
        0,
        0,
        0,
        0,
        0,
        0,
        0,
        0,
        0
      ]
    }
  ]
}
