{
  "results": [
    {
      "command": "/Users/benvds/code/complexity-guard/target/release/complexity-guard --format json --fail-on none /Users/benvds/code/complexity-guard/benchmarks/projects/wretch",
      "mean": 0.013975906426666669,
      "stddev": 0.001744043024166298,
      "median": 0.013732833560000003,
      "user": 0.039551986666666664,
      "system": 0.0056457,
      "min": 0.01143691756,
      "max": 0.017845042560000003,
      "times": [
        0.013732833560000003,
        0.01612466756,
        0.012316417560000003,
        0.01143691756,
        0.01295420956,
        0.013087333560000003,
        0.012716167560000003,
        0.017845042560000003,
        0.013841125560000002,
        0.015834250560000006,
        0.014793667560000003,
        0.015707501560000003,
        0.012947917560000003,
        0.012534834560000001,
        0.013765709560000004
      ],
      "memory_usage_byte": [
        10076160,
        10076160,
        10076160,
        10076160,
        10076160,
        10076160,
        10076160,
        10076160,
        10076160,
        10076160,
        10076160,
        10076160,
        10076160,
        10076160,
        10076160
      ],
      "exit_codes": [
        0,
        0,
        0,
        0,
        0,
        0,
        0,
        0,
        0,
        0,
        0,
        0,
        0,
        0,
        0
      ]
    }
  ]
}
