{
  "results": [
    {
      "command": "/Users/benvds/code/complexity-guard/target/release/complexity-guard --format json --fail-on none /Users/benvds/code/complexity-guard/benchmarks/projects/wretch",
      "mean": 0.013889196706666669,
      "stddev": 0.0017099099053583273,
      "median": 0.01336054704,
      "user": 0.041663639999999995,
      "system": 0.00669922,
      "min": 0.01194038004,
      "max": 0.01709675504,
      "times": [
        0.01194038004,
        0.01339750504,
        0.01261179704,
        0.01234575504,
        0.014854172040000002,
        0.01709675504,
        0.013883713040000002,
        0.012623047040000002,
        0.01679438004,
        0.01549521304,
        0.012062338040000002,
        0.01302625504,
        0.01336054704,
        0.01585583804,
        0.012990255040000002
      ],
      "memory_usage_byte": [
        10158080,
        10158080,
        10321920,
        10321920,
        10321920,
        10321920,
        10321920,
        10321920,
        10321920,
        10321920,
        10321920,
        10321920,
        10321920,
        10321920,
        10321920
      ],
      "exit_codes": [
        0,
        0,
        0,
        0,
        0,
        0,
        0,
        0,
        0,
        0,
        0,
        0,
        0,
        0,
        0
      ]
    }
  ]
}
