{
  "results": [
    {
      "command": "/Users/benvds/code/complexity-guard/target/release/complexity-guard --format json --fail-on none /Users/benvds/code/complexity-guard/benchmarks/projects/xstate",
      "mean": 0.06026084144,
      "stddev": 0.002121471966159877,
      "median": 0.06009289484000001,
      "user": 0.39434508666666657,
      "system": 0.03122302666666667,
      "min": 0.05694726884,
      "max": 0.06391339384,
      "times": [
        0.058005852840000004,
        0.062245852840000004,
        0.06267293584,
        0.05694726884,
        0.06106431084,
        0.05981281084000001,
        0.05908201984,
        0.05940139384,
        0.05784335184,
        0.057655935840000005,
        0.06193468584,
        0.06254622784000001,
        0.06069368584,
        0.06009289484000001,
        0.06391339384
      ],
      "memory_usage_byte": [
        19103744,
        19103744,
        19103744,
        19103744,
        19103744,
        19709952,
        19709952,
        19709952,
        19709952,
        19709952,
        19709952,
        19709952,
        19709952,
        19709952,
        19709952
      ],
      "exit_codes": [
        0,
        0,
        0,
        0,
        0,
        0,
        0,
        0,
        0,
        0,
        0,
        0,
        0,
        0,
        0
      ]
    }
  ]
}
