{
  "results": [
    {
      "command": "/Users/benvds/code/complexity-guard/target/release/complexity-guard --format json --fail-on none /Users/benvds/code/complexity-guard/benchmarks/projects/yargs",
      "mean": 0.018243975826666665,
      "stddev": 0.0009512444932021325,
      "median": 0.018230484159999998,
      "user": 0.04214065333333332,
      "system": 0.008829513333333332,
      "min": 0.01673844216,
      "max": 0.02021727516,
      "times": [
        0.02021727516,
        0.01969073416,
        0.01761498416,
        0.017945193159999998,
        0.01860173416,
        0.01809948416,
        0.01730965116,
        0.016937650159999998,
        0.01673844216,
        0.017663817159999998,
        0.018332734160000003,
        0.01891319316,
        0.018570776160000003,
        0.01879348416,
        0.018230484159999998
      ],
      "memory_usage_byte": [
        9453568,
        9453568,
        9453568,
        9453568,
        9453568,
        9453568,
        9617408,
        9732096,
        9732096,
        9732096,
        9732096,
        9732096,
        9732096,
        9732096,
        9732096
      ],
      "exit_codes": [
        0,
        0,
        0,
        0,
        0,
        0,
        0,
        0,
        0,
        0,
        0,
        0,
        0,
        0,
        0
      ]
    }
  ]
}
