{
  "results": [
    {
      "command": "/Users/benvds/code/complexity-guard/target/release/complexity-guard --format json --fail-on none /Users/benvds/code/complexity-guard/benchmarks/projects/yargs",
      "mean": 0.01786945842,
      "stddev": 0.0013280021667314396,
      "median": 0.01728262502,
      "user": 0.04072404,
      "system": 0.00667896,
      "min": 0.01669558402,
      "max": 0.02016025002,
      "times": [
        0.018877292020000002,
        0.01700562502,
        0.016750792020000002,
        0.016843250020000002,
        0.01736275002,
        0.01728262502,
        0.02016025002,
        0.016759084020000002,
        0.02000604202,
        0.017838625020000002,
        0.01686350002,
        0.01900004102,
        0.01986987502,
        0.01669558402,
        0.01672654102
      ],
      "memory_usage_byte": [
        9142272,
        9142272,
        9142272,
        9158656,
        9158656,
        9158656,
        9158656,
        9158656,
        9158656,
        9158656,
        9158656,
        9158656,
        9158656,
        9273344,
        9273344
      ],
      "exit_codes": [
        0,
        0,
        0,
        0,
        0,
        0,
        0,
        0,
        0,
        0,
        0,
        0,
        0,
        0,
        0
      ]
    }
  ]
}
