{
  "results": [
    {
      "command": "/Users/benvds/code/complexity-guard/target/release/complexity-guard --format json --fail-on none /Users/benvds/code/complexity-guard/benchmarks/projects/yup",
      "mean": 0.014370550260000002,
      "stddev": 0.0009668882376883659,
      "median": 0.01415298086,
      "user": 0.06325433999999999,
      "system": 0.007350433333333334,
      "min": 0.012611022860000001,
      "max": 0.01625614686,
      "times": [
        0.014609647860000002,
        0.013707396860000002,
        0.01415298086,
        0.013664355860000001,
        0.01504981486,
        0.01625614686,
        0.01461998086,
        0.013729980860000001,
        0.013902146859999999,
        0.013764980860000001,
        0.014326064860000001,
        0.01403668886,
        0.014887521859999999,
        0.012611022860000001,
        0.01623952286
      ],
      "memory_usage_byte": [
        11567104,
        11567104,
        11567104,
        11567104,
        11567104,
        11567104,
        11567104,
        11567104,
        11567104,
        11567104,
        11567104,
        11567104,
        11567104,
        11567104,
        11567104
      ],
      "exit_codes": [
        0,
        0,
        0,
        0,
        0,
        0,
        0,
        0,
        0,
        0,
        0,
        0,
        0,
        0,
        0
      ]
    }
  ]
}
