{
  "results": [
    {
      "command": "/Users/benvds/code/complexity-guard/target/release/complexity-guard --format json --fail-on none /Users/benvds/code/complexity-guard/benchmarks/projects/zod",
      "mean": 0.04704148414,
      "stddev": 0.004003982039575139,
      "median": 0.04724800014,
      "user": 0.2149562733333333,
      "system": 0.014135933333333333,
      "min": 0.04006183414,
      "max": 0.05333850014,
      "times": [
        0.04641666714,
        0.047916501140000005,
        0.04958008414,
        0.05275454214,
        0.04006183414,
        0.04651391714,
        0.04456820914,
        0.04724800014,
        0.04066454314,
        0.04782166814,
        0.05333850014,
        0.04223554214,
        0.04629970914,
        0.05179754314,
        0.04840500114
      ],
      "memory_usage_byte": [
        20152320,
        20152320,
        20152320,
        20152320,
        20152320,
        20152320,
        20152320,
        20152320,
        21233664,
        21233664,
        21233664,
        21233664,
        21233664,
        21233664,
        21233664
      ],
      "exit_codes": [
        0,
        0,
        0,
        0,
        0,
        0,
        0,
        0,
        0,
        0,
        0,
        0,
        0,
        0,
        0
      ]
    }
  ]
}
