{
  "results": [
    {
      "command": "/Users/benvds/code/complexity-guard/target/release/complexity-guard --format json --fail-on none /Users/benvds/code/complexity-guard/benchmarks/projects/zod",
      "mean": 0.04495143415333334,
      "stddev": 0.0028795015223218386,
      "median": 0.04372089222,
      "user": 0.22617756,
      "system": 0.011703999999999997,
      "min": 0.03996989222,
      "max": 0.05056843422,
      "times": [
        0.04567026822,
        0.04224347622,
        0.04656797522,
        0.04365960022,
        0.03996989222,
        0.04210001722,
        0.043008392220000004,
        0.04880660122,
        0.04740393422,
        0.04355914322,
        0.05056843422,
        0.04372089222,
        0.04660422622,
        0.04313305922,
        0.04725560022
      ],
      "memory_usage_byte": [
        20201472,
        20201472,
        20201472,
        20201472,
        20201472,
        20201472,
        20201472,
        20201472,
        20201472,
        20201472,
        20201472,
        20201472,
        20201472,
        20201472,
        20201472
      ],
      "exit_codes": [
        0,
        0,
        0,
        0,
        0,
        0,
        0,
        0,
        0,
        0,
        0,
        0,
        0,
        0,
        0
      ]
    }
  ]
}
