{
  "results": [
    {
      "command": "/Users/benvds/code/complexity-guard/target/release/complexity-guard --format json --fail-on none /Users/benvds/code/complexity-guard/benchmarks/projects/zod",
      "mean": 0.04425885442000001,
      "stddev": 0.0036460778731370624,
      "median": 0.04389236902,
      "user": 0.22803766,
      "system": 0.011948246666666669,
      "min": 0.03871545102,
      "max": 0.04996866002,
      "times": [
        0.04604599302,
        0.04847349302,
        0.04996866002,
        0.04389236902,
        0.049350202020000004,
        0.03871545102,
        0.04427691002,
        0.04382728502,
        0.04776649302,
        0.04162857602,
        0.04093207702,
        0.04360345202,
        0.04018999302,
        0.03922624302,
        0.04598561902
      ],
      "memory_usage_byte": [
        19759104,
        19759104,
        19759104,
        19759104,
        19759104,
        20594688,
        20594688,
        20594688,
        20594688,
        20594688,
        20594688,
        20594688,
        20594688,
        20692992,
        20692992
      ],
      "exit_codes": [
        0,
        0,
        0,
        0,
        0,
        0,
        0,
        0,
        0,
        0,
        0,
        0,
        0,
        0,
        0
      ]
    }
  ]
}
