{
  "results": [
    {
      "command": "/Users/benvds/code/complexity-guard/target/release/complexity-guard --format json --fail-on none /Users/benvds/code/complexity-guard/benchmarks/projects/zustand",
      "mean": 0.016030616953333337,
      "stddev": 0.0012413521547964578,
      "median": 0.01567240362,
      "user": 0.04845349333333333,
      "system": 0.007324179999999999,
      "min": 0.014291486620000002,
      "max": 0.01849852762,
      "times": [
        0.01777102762,
        0.01849852762,
        0.014758903620000003,
        0.01566402762,
        0.014291486620000002,
        0.01485794562,
        0.01623481962,
        0.01540065262,
        0.01745161162,
        0.014704903620000001,
        0.01567240362,
        0.01731681962,
        0.01551140262,
        0.01617127762,
        0.016153444620000002
      ],
      "memory_usage_byte": [
        10567680,
        10567680,
        11206656,
        11206656,
        11206656,
        11206656,
        11206656,
        11206656,
        11206656,
        11206656,
        11206656,
        11206656,
        11206656,
        11206656,
        11206656
      ],
      "exit_codes": [
        0,
        0,
        0,
        0,
        0,
        0,
        0,
        0,
        0,
        0,
        0,
        0,
        0,
        0,
        0
      ]
    }
  ]
}
