{
  "results": [
    {
      "command": "/Users/benvds/code/complexity-guard/target/release/complexity-guard --format json --fail-on none /Users/benvds/code/complexity-guard/benchmarks/projects/zustand",
      "mean": 0.014369186999999999,
      "stddev": 0.000664457317701252,
      "median": 0.014419359199999999,
      "user": 0.047979853333333336,
      "system": 0.006165206666666667,
      "min": 0.0129106092,
      "max": 0.0153190252,
      "times": [
        0.014419359199999999,
        0.0129106092,
        0.0148421512,
        0.0153190252,
        0.014825234199999999,
        0.015100651199999999,
        0.014161443200000002,
        0.0140680262,
        0.0134610262,
        0.014958067200000001,
        0.013663150200000002,
        0.014533484200000002,
        0.0148589422,
        0.0143810682,
        0.014035567200000001
      ],
      "memory_usage_byte": [
        11337728,
        11337728,
        11337728,
        11337728,
        11337728,
        11337728,
        11337728,
        11337728,
        11337728,
        11337728,
        11337728,
        11337728,
        11337728,
        11337728,
        11337728
      ],
      "exit_codes": [
        0,
        0,
        0,
        0,
        0,
        0,
        0,
        0,
        0,
        0,
        0,
        0,
        0,
        0,
        0
      ]
    }
  ]
}
