{
  "results": [
    {
      "command": "/Users/benvds/code/complexity-guard/zig-out/bin/complexity-guard --format json --fail-on none /Users/benvds/code/complexity-guard/benchmarks/projects/dayjs",
      "mean": 0.034622631793333344,
      "stddev": 0.0022921022292548975,
      "median": 0.03526288166,
      "user": 0.18981978666666668,
      "system": 0.01781954666666667,
      "min": 0.02902413166,
      "max": 0.037639090660000006,
      "times": [
        0.035830256660000004,
        0.03434350666,
        0.035720548660000004,
        0.03526288166,
        0.037639090660000006,
        0.03559454866,
        0.03484200666,
        0.03402892366,
        0.03602825666000001,
        0.03450121566,
        0.02902413166,
        0.03638454866,
        0.034554006660000004,
        0.035692506660000005,
        0.029893047660000005
      ],
      "memory_usage_byte": [
        11845632,
        11845632,
        11845632,
        11845632,
        11845632,
        11845632,
        11845632,
        11845632,
        11845632,
        11845632,
        12206080,
        12206080,
        12206080,
        12206080,
        12206080
      ],
      "exit_codes": [
        1,
        1,
        1,
        1,
        1,
        1,
        1,
        1,
        1,
        1,
        1,
        1,
        1,
        1,
        1
      ]
    },
    {
      "command": "/tmp/fta-bench-yJa0/node_modules/.bin/fta --json --exclude-under 0 /Users/benvds/code/complexity-guard/benchmarks/projects/dayjs",
      "mean": 0.10661971219333334,
      "stddev": 0.03609761695929337,
      "median": 0.09314629766,
      "user": 0.06693125333333332,
      "system": 0.029709613333333336,
      "min": 0.09024579766,
      "max": 0.19644117366000002,
      "times": [
        0.19447154866000002,
        0.09060350666000001,
        0.09314142366000001,
        0.09240104766000001,
        0.09264983966000001,
        0.09299179866000001,
        0.09324167366000001,
        0.09314629766,
        0.09153904866000001,
        0.19644117366000002,
        0.09024579766,
        0.09506075666000001,
        0.09517979766000001,
        0.09479984066000001,
        0.09338213166
      ],
      "memory_usage_byte": [
        46563328,
        46563328,
        46563328,
        46563328,
        46563328,
        46563328,
        46563328,
        46563328,
        46563328,
        46563328,
        46563328,
        46563328,
        46563328,
        46563328,
        46563328
      ],
      "exit_codes": [
        0,
        0,
        0,
        0,
        0,
        0,
        0,
        0,
        0,
        0,
        0,
        0,
        0,
        0,
        0
      ]
    }
  ]
}
