{
  "results": [
    {
      "command": "/Users/benvds/code/complexity-guard/zig-out/bin/complexity-guard --format json --fail-on none /Users/benvds/code/complexity-guard/benchmarks/projects/nestjs",
      "mean": 0.08857412410000001,
      "stddev": 0.0013123682149488826,
      "median": 0.0885696987,
      "user": 0.5610252066666666,
      "system": 0.10592578666666667,
      "min": 0.08639932470000002,
      "max": 0.09088644870000001,
      "times": [
        0.0881620327,
        0.08926024070000001,
        0.08814599070000001,
        0.08763128170000001,
        0.0868632817,
        0.0885696987,
        0.09088644870000001,
        0.08874353270000002,
        0.0881632407,
        0.08639932470000002,
        0.09077965770000002,
        0.08950836570000001,
        0.08699669970000001,
        0.08941915770000002,
        0.0890829077
      ],
      "memory_usage_byte": [
        31506432,
        31506432,
        31506432,
        31506432,
        31506432,
        31506432,
        31506432,
        31506432,
        31506432,
        31506432,
        31506432,
        31506432,
        31506432,
        31506432,
        31506432
      ],
      "exit_codes": [
        1,
        1,
        1,
        1,
        1,
        1,
        1,
        1,
        1,
        1,
        1,
        1,
        1,
        1,
        1
      ]
    },
    {
      "command": "/tmp/fta-bench-yJa0/node_modules/.bin/fta --json --exclude-under 0 /Users/benvds/code/complexity-guard/benchmarks/projects/nestjs",
      "mean": 0.2738960907,
      "stddev": 0.047428013467774005,
      "median": 0.24686878169999998,
      "user": 0.1837534066666667,
      "system": 0.06900912000000001,
      "min": 0.2445646987,
      "max": 0.3574551567,
      "times": [
        0.24664694869999998,
        0.35194528270000003,
        0.24686878169999998,
        0.24614044969999999,
        0.34794694870000004,
        0.2463954907,
        0.2455218247,
        0.24470778270000001,
        0.3414460327,
        0.2470522817,
        0.2479919907,
        0.3574551567,
        0.2445646987,
        0.2456540747,
        0.2481036157
      ],
      "memory_usage_byte": [
        46530560,
        46530560,
        46530560,
        46530560,
        46530560,
        46530560,
        46530560,
        46530560,
        46530560,
        46530560,
        46530560,
        46530560,
        46530560,
        46530560,
        46530560
      ],
      "exit_codes": [
        0,
        0,
        0,
        0,
        0,
        0,
        0,
        0,
        0,
        0,
        0,
        0,
        0,
        0,
        0
      ]
    }
  ]
}
