{
  "results": [
    {
      "command": "/Users/benvds/code/complexity-guard/zig-out/bin/complexity-guard --format json --fail-on none /Users/benvds/code/complexity-guard/benchmarks/projects/rxjs",
      "mean": 0.08289890280666666,
      "stddev": 0.0022532348776272263,
      "median": 0.08243284974,
      "user": 0.6603510466666666,
      "system": 0.05308649333333333,
      "min": 0.08007026673999999,
      "max": 0.08777505874,
      "times": [
        0.08054422474,
        0.08007026673999999,
        0.08207576674,
        0.08450901674,
        0.08008530874,
        0.08121476674,
        0.08281255774,
        0.08530947474,
        0.08260764174,
        0.08155780874,
        0.08777505874,
        0.08504547474,
        0.08543239174,
        0.08201093374,
        0.08243284974
      ],
      "memory_usage_byte": [
        21987328,
        21987328,
        21987328,
        21987328,
        21987328,
        21987328,
        21987328,
        21987328,
        21987328,
        21987328,
        21987328,
        21987328,
        21987328,
        21987328,
        22429696
      ],
      "exit_codes": [
        1,
        1,
        1,
        1,
        1,
        1,
        1,
        1,
        1,
        1,
        1,
        1,
        1,
        1,
        1
      ]
    },
    {
      "command": "/tmp/fta-bench-yJa0/node_modules/.bin/fta --json --exclude-under 0 /Users/benvds/code/complexity-guard/benchmarks/projects/rxjs",
      "mean": 0.23913337787333336,
      "stddev": 0.047651907289371444,
      "median": 0.21331622474000003,
      "user": 0.1692991133333333,
      "system": 0.04842876,
      "min": 0.20570930874,
      "max": 0.32561672474,
      "times": [
        0.20570930874,
        0.20863147574000002,
        0.32561672474,
        0.21331622474000003,
        0.21458076674,
        0.21037489174000001,
        0.30441089174,
        0.20998260074000002,
        0.20735393274000002,
        0.21039447574000003,
        0.31940734974,
        0.22142639174000003,
        0.21656984974000001,
        0.20904418374000003,
        0.31018159974
      ],
      "memory_usage_byte": [
        46497792,
        46497792,
        46497792,
        46579712,
        46579712,
        46579712,
        46579712,
        46579712,
        46579712,
        46579712,
        46579712,
        46579712,
        46579712,
        46579712,
        46579712
      ],
      "exit_codes": [
        0,
        0,
        0,
        0,
        0,
        0,
        0,
        0,
        0,
        0,
        0,
        0,
        0,
        0,
        0
      ]
    }
  ]
}
