{
  "results": [
    {
      "command": "/Users/benvds/code/complexity-guard/zig-out/bin/complexity-guard --format json --fail-on none /Users/benvds/code/complexity-guard/benchmarks/projects/vite",
      "mean": 0.07600191910000001,
      "stddev": 0.001491718684001302,
      "median": 0.0752526771,
      "user": 0.45524113999999993,
      "system": 0.08290509333333333,
      "min": 0.07427967810000001,
      "max": 0.08022076010000001,
      "times": [
        0.0755822611,
        0.0768568441,
        0.0749539271,
        0.0752526771,
        0.07524271910000001,
        0.0750518441,
        0.0760808441,
        0.0764692601,
        0.07767667810000001,
        0.0750537191,
        0.0750847191,
        0.0752313861,
        0.08022076010000001,
        0.0769914691,
        0.07427967810000001
      ],
      "memory_usage_byte": [
        29638656,
        29638656,
        29638656,
        29638656,
        29638656,
        29638656,
        29638656,
        29638656,
        29638656,
        29638656,
        29638656,
        29638656,
        29638656,
        29638656,
        29638656
      ],
      "exit_codes": [
        1,
        1,
        1,
        1,
        1,
        1,
        1,
        1,
        1,
        1,
        1,
        1,
        1,
        1,
        1
      ]
    },
    {
      "command": "/tmp/fta-bench-yJa0/node_modules/.bin/fta --json --exclude-under 0 /Users/benvds/code/complexity-guard/benchmarks/projects/vite",
      "mean": 0.2504505414333334,
      "stddev": 0.044620258353205856,
      "median": 0.22894888610000003,
      "user": 0.17240594,
      "system": 0.06211636,
      "min": 0.22702871910000003,
      "max": 0.34138617810000005,
      "times": [
        0.22894888610000003,
        0.2281929691,
        0.2285484281,
        0.33067867810000007,
        0.23011130210000003,
        0.23036859410000002,
        0.2312303031,
        0.34138617810000005,
        0.22872346910000002,
        0.2273638021,
        0.22702871910000003,
        0.33757626009999997,
        0.2279092191,
        0.22979896910000003,
        0.2288923441
      ],
      "memory_usage_byte": [
        46497792,
        46497792,
        46497792,
        46497792,
        46497792,
        46596096,
        46596096,
        46596096,
        46596096,
        46596096,
        46596096,
        46596096,
        46596096,
        46596096,
        46596096
      ],
      "exit_codes": [
        0,
        0,
        0,
        0,
        0,
        0,
        0,
        0,
        0,
        0,
        0,
        0,
        0,
        0,
        0
      ]
    }
  ]
}
