{
  "results": [
    {
      "command": "/Users/benvds/code/complexity-guard/zig-out/bin/complexity-guard --format json --fail-on none /Users/benvds/code/complexity-guard/benchmarks/projects/zod",
      "mean": 0.05033589391333333,
      "stddev": 0.004022298521502555,
      "median": 0.04895951298,
      "user": 0.24911016666666663,
      "system": 0.013254646666666666,
      "min": 0.04127488798,
      "max": 0.05743205498,
      "times": [
        0.047244346980000004,
        0.048625137980000004,
        0.04823559698,
        0.04895951298,
        0.05120392998,
        0.053506762980000004,
        0.05245105498,
        0.05743205498,
        0.04878938898,
        0.05222651298,
        0.04789405498,
        0.052215762980000004,
        0.04829238898,
        0.04127488798,
        0.056687013980000006
      ],
      "memory_usage_byte": [
        18382848,
        18382848,
        18382848,
        18382848,
        18382848,
        18382848,
        18382848,
        18382848,
        18382848,
        18382848,
        18382848,
        18382848,
        18382848,
        19349504,
        19349504
      ],
      "exit_codes": [
        1,
        1,
        1,
        1,
        1,
        1,
        1,
        1,
        1,
        1,
        1,
        1,
        1,
        1,
        1
      ]
    },
    {
      "command": "/tmp/fta-bench-yJa0/node_modules/.bin/fta --json --exclude-under 0 /Users/benvds/code/complexity-guard/benchmarks/projects/zod",
      "mean": 0.11278038831333333,
      "stddev": 0.03907330085864602,
      "median": 0.09448951398000001,
      "user": 0.0701263,
      "system": 0.029341979999999997,
      "min": 0.09162930498,
      "max": 0.21192684598,
      "times": [
        0.09329438798,
        0.09162930498,
        0.09337676298,
        0.14542492998,
        0.21192684598,
        0.09277480498,
        0.09427630498,
        0.09403405498,
        0.09448951398000001,
        0.09529342998000001,
        0.09412647198,
        0.09516930498000001,
        0.19401184698,
        0.10223355498,
        0.09964430498
      ],
      "memory_usage_byte": [
        46530560,
        46530560,
        46530560,
        46530560,
        46596096,
        46596096,
        46743552,
        46743552,
        46743552,
        46743552,
        46874624,
        46874624,
        46874624,
        46874624,
        46874624
      ],
      "exit_codes": [
        0,
        0,
        0,
        0,
        0,
        0,
        0,
        0,
        0,
        0,
        0,
        0,
        0,
        0,
        0
      ]
    }
  ]
}
