{
  "results": [
    {
      "command": "/home/ben/code/complexity-guard/zig-out/bin/complexity-guard --format json --fail-on none /home/ben/code/complexity-guard/benchmarks/projects/dayjs",
      "mean": 0.05612461702666667,
      "stddev": 0.0018745145928713938,
      "median": 0.05645052036,
      "user": 0.2989906400000001,
      "system": 0.06896387333333333,
      "min": 0.05264818336,
      "max": 0.05983771936,
      "times": [
        0.05739102536,
        0.05983771936,
        0.05734255336,
        0.05625534936,
        0.05537144236,
        0.05390914636,
        0.05645146136,
        0.05700077436,
        0.05458780536,
        0.05645052036,
        0.05591525436,
        0.058352500360000004,
        0.05669398236,
        0.05264818336,
        0.053661537360000004
      ],
      "memory_usage_byte": [
        16109568,
        16261120,
        16261120,
        16261120,
        16261120,
        16261120,
        16261120,
        16261120,
        16261120,
        16261120,
        16261120,
        16261120,
        16261120,
        16261120,
        16261120
      ],
      "exit_codes": [
        1,
        1,
        1,
        1,
        1,
        1,
        1,
        1,
        1,
        1,
        1,
        1,
        1,
        1,
        1
      ]
    },
    {
      "command": "/tmp/fta-bench-vF4K/node_modules/.bin/fta --json --exclude-under 0 /home/ben/code/complexity-guard/benchmarks/projects/dayjs",
      "mean": 0.13875968829333335,
      "stddev": 0.0019107392200586536,
      "median": 0.13801532336,
      "user": 0.08768010666666666,
      "system": 0.05705214000000001,
      "min": 0.13694434136,
      "max": 0.14393838536,
      "times": [
        0.13747404636000002,
        0.13756233336,
        0.13850285836,
        0.13703528336,
        0.13756296536,
        0.14393838536,
        0.14059319636,
        0.13920911936,
        0.13789339236,
        0.14063679836,
        0.13694434136,
        0.13801532336,
        0.13821558336,
        0.14044040636000002,
        0.13737129136
      ],
      "memory_usage_byte": [
        48844800,
        48844800,
        48844800,
        48844800,
        48844800,
        48844800,
        48844800,
        48844800,
        48844800,
        48844800,
        48844800,
        48844800,
        48844800,
        48844800,
        48844800
      ],
      "exit_codes": [
        0,
        0,
        0,
        0,
        0,
        0,
        0,
        0,
        0,
        0,
        0,
        0,
        0,
        0,
        0
      ]
    }
  ]
}
