{
  "results": [
    {
      "command": "/home/ben/code/complexity-guard/zig-out/bin/complexity-guard --format json --fail-on none /home/ben/code/complexity-guard/benchmarks/projects/got",
      "mean": 0.037133809280000006,
      "stddev": 0.003501548318704256,
      "median": 0.03702171908,
      "user": 0.1914033466666667,
      "system": 0.03219525999999999,
      "min": 0.02668662208,
      "max": 0.041951827080000004,
      "times": [
        0.03647675408,
        0.037684667080000005,
        0.04132654008,
        0.04034469608,
        0.02668662208,
        0.03702171908,
        0.03681729108,
        0.03483665208,
        0.03676164608,
        0.036186815080000004,
        0.03671187108,
        0.03719495808,
        0.038104294080000004,
        0.041951827080000004,
        0.03890078608
      ],
      "memory_usage_byte": [
        16044032,
        16044032,
        16044032,
        16044032,
        16044032,
        16048128,
        16048128,
        16306176,
        16306176,
        16306176,
        16306176,
        16306176,
        16306176,
        16306176,
        16306176
      ],
      "exit_codes": [
        1,
        1,
        1,
        1,
        1,
        1,
        1,
        1,
        1,
        1,
        1,
        1,
        1,
        1,
        1
      ]
    },
    {
      "command": "/tmp/fta-bench-vF4K/node_modules/.bin/fta --json --exclude-under 0 /home/ben/code/complexity-guard/benchmarks/projects/got",
      "mean": 0.10628548114666667,
      "stddev": 0.0038955972232579336,
      "median": 0.10574378608,
      "user": 0.05999307999999999,
      "system": 0.05216092666666667,
      "min": 0.10176662708,
      "max": 0.11740412808,
      "times": [
        0.10621685408,
        0.10704122908000001,
        0.10643282408,
        0.10574378608,
        0.10313293108,
        0.10654221108,
        0.10451253008,
        0.10176662708,
        0.10487294308,
        0.10988827208,
        0.11740412808,
        0.10378314508,
        0.10295657608,
        0.11023856808,
        0.10374959208000001
      ],
      "memory_usage_byte": [
        48807936,
        48807936,
        48807936,
        48807936,
        48807936,
        48807936,
        48807936,
        48807936,
        48807936,
        48873472,
        48873472,
        48873472,
        48873472,
        48873472,
        48873472
      ],
      "exit_codes": [
        0,
        0,
        0,
        0,
        0,
        0,
        0,
        0,
        0,
        0,
        0,
        0,
        0,
        0,
        0
      ]
    }
  ]
}
