{
  "results": [
    {
      "command": "/home/ben/code/complexity-guard/zig-out/bin/complexity-guard --format json --fail-on none /home/ben/code/complexity-guard/benchmarks/projects/vscode",
      "mean": 3.3937162148333337,
      "stddev": 0.123841904670916,
      "median": 3.4093219725000004,
      "user": 31.985522046666663,
      "system": 1.4868653666666665,
      "min": 3.0094723815,
      "max": 3.5851424855,
      "times": [
        3.3803091945,
        3.3591224415000003,
        3.4093219725000004,
        3.3619343885,
        3.3494099855000004,
        3.5191623535,
        3.4168244715,
        3.3665632245,
        3.4634136095000003,
        3.4405441725,
        3.4183019565,
        3.4275955465,
        3.3986250385,
        3.0094723815,
        3.5851424855
      ],
      "memory_usage_byte": [
        419954688,
        419954688,
        419954688,
        419954688,
        419954688,
        419954688,
        419954688,
        419954688,
        419954688,
        419954688,
        419954688,
        419954688,
        419954688,
        419954688,
        419954688
      ],
      "exit_codes": [
        1,
        1,
        1,
        1,
        1,
        1,
        1,
        1,
        1,
        1,
        1,
        1,
        1,
        1,
        1
      ]
    },
    {
      "command": "/tmp/fta-bench-vF4K/node_modules/.bin/fta --json --exclude-under 0 /home/ben/code/complexity-guard/benchmarks/projects/vscode",
      "mean": 5.2176201534999995,
      "stddev": 0.09573102885391695,
      "median": 5.1940965865,
      "user": 3.364525446666666,
      "system": 1.7906217,
      "min": 5.1126967255,
      "max": 5.3984071855,
      "times": [
        5.3732307305,
        5.3426003015,
        5.2256446955,
        5.2715840605,
        5.3984071855,
        5.2919467195,
        5.1940965865,
        5.1999956825,
        5.1305340025,
        5.1688952525000005,
        5.1218779625,
        5.1424826815,
        5.1534246495,
        5.1368850665000005,
        5.1126967255
      ],
      "memory_usage_byte": [
        419954688,
        419954688,
        419954688,
        419954688,
        419954688,
        419954688,
        419954688,
        419954688,
        419954688,
        419954688,
        419954688,
        419954688,
        419954688,
        419954688,
        419954688
      ],
      "exit_codes": [
        0,
        0,
        0,
        0,
        0,
        0,
        0,
        0,
        0,
        0,
        0,
        0,
        0,
        0,
        0
      ]
    }
  ]
}
