{
  "results": [
    {
      "command": "/home/ben/code/complexity-guard/zig-out/bin/complexity-guard --format json --fail-on none /home/ben/code/complexity-guard/benchmarks/projects/webpack",
      "mean": 0.6777527922466665,
      "stddev": 0.049000059897277404,
      "median": 0.69618466558,
      "user": 2.4752995933333333,
      "system": 1.0974431,
      "min": 0.5602124045800001,
      "max": 0.72580352258,
      "times": [
        0.5602124045800001,
        0.68977664258,
        0.6982059915800001,
        0.72580352258,
        0.6995635385800001,
        0.69618466558,
        0.6504501785800001,
        0.6842100075800001,
        0.6941289435800001,
        0.70250354958,
        0.5664360675800001,
        0.6993098575800001,
        0.7046437105800001,
        0.6907428265800001,
        0.70411997658
      ],
      "memory_usage_byte": [
        58187776,
        58294272,
        58294272,
        58294272,
        58294272,
        58294272,
        58294272,
        58294272,
        58294272,
        58294272,
        58294272,
        58294272,
        61153280,
        61153280,
        61153280
      ],
      "exit_codes": [
        1,
        1,
        1,
        1,
        1,
        1,
        1,
        1,
        1,
        1,
        1,
        1,
        1,
        1,
        1
      ]
    },
    {
      "command": "/tmp/fta-bench-vF4K/node_modules/.bin/fta --json --exclude-under 0 /home/ben/code/complexity-guard/benchmarks/projects/webpack",
      "mean": 1.31978154798,
      "stddev": 0.012924231697223381,
      "median": 1.32081779458,
      "user": 0.8871739933333332,
      "system": 0.4239112333333333,
      "min": 1.3027104355799999,
      "max": 1.34764667658,
      "times": [
        1.32651704158,
        1.32503583958,
        1.33327546958,
        1.32267147258,
        1.3286914185799998,
        1.3027104355799999,
        1.34764667658,
        1.32081779458,
        1.31342725658,
        1.3091951035799998,
        1.3071194745799999,
        1.30629750358,
        1.3105025155799999,
        1.3344604785799998,
        1.30835473858
      ],
      "memory_usage_byte": [
        61153280,
        61153280,
        61153280,
        61153280,
        61153280,
        61153280,
        61153280,
        61153280,
        61153280,
        61153280,
        61153280,
        61153280,
        61153280,
        61153280,
        61153280
      ],
      "exit_codes": [
        0,
        0,
        0,
        0,
        0,
        0,
        0,
        0,
        0,
        0,
        0,
        0,
        0,
        0,
        0
      ]
    }
  ]
}
