{
  "results": [
    {
      "command": "/home/ben/code/complexity-guard/zig-out/bin/complexity-guard --format json --fail-on none /home/ben/code/complexity-guard/benchmarks/projects/zod",
      "mean": 0.08169383119333334,
      "stddev": 0.003428295237830185,
      "median": 0.08273208666000001,
      "user": 0.39487324666666657,
      "system": 0.05197250666666667,
      "min": 0.07531853666,
      "max": 0.08680726266000001,
      "times": [
        0.08637761666000002,
        0.08329096766,
        0.08273208666000001,
        0.08361075566000001,
        0.07975316266000002,
        0.08411201566000001,
        0.08680726266000001,
        0.07673258966000002,
        0.08484554866,
        0.07957801066,
        0.08362898966000001,
        0.07932056166000001,
        0.08068408966000001,
        0.07531853666,
        0.07861527366000001
      ],
      "memory_usage_byte": [
        24297472,
        24297472,
        24297472,
        24297472,
        24297472,
        24297472,
        24297472,
        24297472,
        24297472,
        24297472,
        24297472,
        24297472,
        24297472,
        24453120,
        24453120
      ],
      "exit_codes": [
        1,
        1,
        1,
        1,
        1,
        1,
        1,
        1,
        1,
        1,
        1,
        1,
        1,
        1,
        1
      ]
    },
    {
      "command": "/tmp/fta-bench-vF4K/node_modules/.bin/fta --json --exclude-under 0 /home/ben/code/complexity-guard/benchmarks/projects/zod",
      "mean": 0.15413657859333332,
      "stddev": 0.0018684094802330989,
      "median": 0.15410481566,
      "user": 0.09351518,
      "system": 0.06590650666666666,
      "min": 0.15118938266,
      "max": 0.15694261266,
      "times": [
        0.15420940466000002,
        0.15171598166000003,
        0.15295027366000002,
        0.15118938266,
        0.15625184066,
        0.15202218266,
        0.15410638866,
        0.15664177066,
        0.15559487366000002,
        0.15694261266,
        0.15410481566,
        0.15331105866000003,
        0.15377495966000002,
        0.15640808666000003,
        0.15282504666000002
      ],
      "memory_usage_byte": [
        48799744,
        48799744,
        48799744,
        48799744,
        48799744,
        48799744,
        48799744,
        48799744,
        48799744,
        48799744,
        48799744,
        48799744,
        48873472,
        48873472,
        48873472
      ],
      "exit_codes": [
        0,
        0,
        0,
        0,
        0,
        0,
        0,
        0,
        0,
        0,
        0,
        0,
        0,
        0,
        0
      ]
    }
  ]
}
