{
  "results": [
    {
      "command": "/home/ben/code/complexity-guard/zig-out/bin/complexity-guard --format json --fail-on none /home/ben/code/complexity-guard/benchmarks/projects/dayjs",
      "mean": 0.2059145394266667,
      "stddev": 0.0011585208143366544,
      "median": 0.20610096596,
      "user": 0.1860265133333333,
      "system": 0.01857997333333333,
      "min": 0.20422209896000001,
      "max": 0.20849194496,
      "times": [
        0.20732705396,
        0.20849194496,
        0.20422209896000001,
        0.20610096596,
        0.20551735796,
        0.20503073396,
        0.20571672696,
        0.20534866796,
        0.20613301696,
        0.20427824596,
        0.20689019396,
        0.20610427296,
        0.20464648496,
        0.20661209596,
        0.20629822996
      ],
      "memory_usage_byte": [
        31232000,
        31232000,
        31236096,
        31236096,
        31236096,
        31236096,
        31236096,
        31236096,
        31236096,
        31236096,
        31236096,
        31236096,
        31236096,
        31236096,
        31236096
      ],
      "exit_codes": [
        1,
        1,
        1,
        1,
        1,
        1,
        1,
        1,
        1,
        1,
        1,
        1,
        1,
        1,
        1
      ]
    },
    {
      "command": "/tmp/fta-bench-hseg/node_modules/.bin/fta --json --exclude-under 0 /home/ben/code/complexity-guard/benchmarks/projects/dayjs",
      "mean": 0.13655498042666667,
      "stddev": 0.0022762831596926628,
      "median": 0.13550476296,
      "user": 0.08547684666666668,
      "system": 0.05682070666666666,
      "min": 0.13410784996,
      "max": 0.14125181396,
      "times": [
        0.13696143796,
        0.13516281296,
        0.13410784996,
        0.14125181396,
        0.13630407096,
        0.13480516396,
        0.13542017196,
        0.14104984996,
        0.13836983196,
        0.13550476296,
        0.13620992096,
        0.13537369395999999,
        0.13417180196,
        0.13855434196,
        0.13507718096
      ],
      "memory_usage_byte": [
        48742400,
        48742400,
        48742400,
        48742400,
        48742400,
        48848896,
        48848896,
        48848896,
        48848896,
        48848896,
        48848896,
        48848896,
        48848896,
        48848896,
        48848896
      ],
      "exit_codes": [
        0,
        0,
        0,
        0,
        0,
        0,
        0,
        0,
        0,
        0,
        0,
        0,
        0,
        0,
        0
      ]
    }
  ]
}
