{
  "results": [
    {
      "command": "/home/ben/code/complexity-guard/zig-out/bin/complexity-guard --format json --fail-on none /home/ben/code/complexity-guard/benchmarks/projects/vscode",
      "mean": 19.844561514813336,
      "stddev": 0.3399003979453146,
      "median": 19.73639791088,
      "user": 18.559471826666666,
      "system": 1.11359808,
      "min": 19.596805585880002,
      "max": 20.770915437880003,
      "times": [
        19.596805585880002,
        19.78324719088,
        19.70285175788,
        19.66440429888,
        19.73639791088,
        19.605192174880003,
        19.74587375188,
        19.60959447388,
        19.63806560088,
        19.761699630880003,
        19.637952005880003,
        20.770915437880003,
        19.851604903880002,
        20.15364289888,
        20.41017509888
      ],
      "memory_usage_byte": [
        1982967808,
        1982967808,
        1983033344,
        1983033344,
        1983033344,
        1983033344,
        1983033344,
        1983033344,
        1983033344,
        1983033344,
        1983033344,
        1983033344,
        1983033344,
        1983033344,
        1983033344
      ],
      "exit_codes": [
        1,
        1,
        1,
        1,
        1,
        1,
        1,
        1,
        1,
        1,
        1,
        1,
        1,
        1,
        1
      ]
    },
    {
      "command": "/tmp/fta-bench-hseg/node_modules/.bin/fta --json --exclude-under 0 /home/ben/code/complexity-guard/benchmarks/projects/vscode",
      "mean": 5.25585211708,
      "stddev": 0.0517284348872922,
      "median": 5.255296083879999,
      "user": 3.37656096,
      "system": 1.8137955466666662,
      "min": 5.17841505288,
      "max": 5.34685119888,
      "times": [
        5.20400315488,
        5.17841505288,
        5.255296083879999,
        5.24877658788,
        5.19237615988,
        5.23835974888,
        5.25767998888,
        5.28408894788,
        5.27144729888,
        5.31861771088,
        5.20877122588,
        5.2084876938799995,
        5.30019990288,
        5.34685119888,
        5.3244109998799996
      ],
      "memory_usage_byte": [
        1983033344,
        1983033344,
        1983033344,
        1983033344,
        1983033344,
        1983033344,
        1983033344,
        1983033344,
        1983033344,
        1983033344,
        1983033344,
        1983033344,
        1983033344,
        1983033344,
        1983033344
      ],
      "exit_codes": [
        0,
        0,
        0,
        0,
        0,
        0,
        0,
        0,
        0,
        0,
        0,
        0,
        0,
        0,
        0
      ]
    }
  ]
}
