{
  "results": [
    {
      "command": "/home/ben/code/complexity-guard/zig-out/bin/complexity-guard --format json --fail-on none /home/ben/code/complexity-guard/benchmarks/projects/got",
      "mean": 0.13086441520666667,
      "stddev": 0.0006604512338100411,
      "median": 0.13072718714,
      "user": 0.11845792,
      "system": 0.011513606666666667,
      "min": 0.12974631514,
      "max": 0.13227682914,
      "times": [
        0.13070440414,
        0.13097823414,
        0.13072718714,
        0.13042985314,
        0.13061072614000002,
        0.13049589814,
        0.13116867514,
        0.13022721814000002,
        0.13176032814000002,
        0.13099157914,
        0.13086511014000002,
        0.13026209414,
        0.13227682914,
        0.13172177614,
        0.12974631514
      ],
      "memory_usage_byte": [
        21970944,
        21970944,
        21970944,
        21970944,
        21970944,
        21970944,
        21970944,
        21970944,
        21970944,
        21970944,
        21970944,
        21970944,
        21970944,
        21970944,
        21970944
      ],
      "exit_codes": [
        1,
        1,
        1,
        1,
        1,
        1,
        1,
        1,
        1,
        1,
        1,
        1,
        1,
        1,
        1
      ]
    },
    {
      "command": "/tmp/fta-bench-hseg/node_modules/.bin/fta --json --exclude-under 0 /home/ben/code/complexity-guard/benchmarks/projects/got",
      "mean": 0.10417248727333335,
      "stddev": 0.0019272020328257504,
      "median": 0.10452398214000001,
      "user": 0.05921452,
      "system": 0.05071580666666667,
      "min": 0.10108753814,
      "max": 0.10756419314000001,
      "times": [
        0.10230276514,
        0.10485947914,
        0.10477303514000001,
        0.10237463114,
        0.10561744714,
        0.10556503814000001,
        0.10452398214000001,
        0.10188314914,
        0.10396161414,
        0.10239099214000001,
        0.10740518214000001,
        0.10455967014,
        0.10371859214000001,
        0.10756419314000001,
        0.10108753814
      ],
      "memory_usage_byte": [
        48795648,
        48795648,
        48795648,
        48795648,
        48795648,
        48795648,
        48795648,
        48861184,
        48861184,
        48861184,
        48861184,
        48861184,
        48861184,
        48861184,
        48861184
      ],
      "exit_codes": [
        0,
        0,
        0,
        0,
        0,
        0,
        0,
        0,
        0,
        0,
        0,
        0,
        0,
        0,
        0
      ]
    }
  ]
}
