{
  "results": [
    {
      "command": "/home/ben/code/complexity-guard/zig-out/bin/complexity-guard --format json --fail-on none /home/ben/code/complexity-guard/benchmarks/projects/nestjs",
      "mean": 0.5874919715400001,
      "stddev": 0.0029311112821057235,
      "median": 0.58705727894,
      "user": 0.5189634999999998,
      "system": 0.06490311333333335,
      "min": 0.58150629594,
      "max": 0.59302272194,
      "times": [
        0.58698638994,
        0.58150629594,
        0.58519265394,
        0.5871901659400001,
        0.58904986694,
        0.58727464694,
        0.59154510394,
        0.58533999394,
        0.59302272194,
        0.59182847894,
        0.58549351894,
        0.58705727894,
        0.58771404594,
        0.58647046494,
        0.58670794594
      ],
      "memory_usage_byte": [
        95526912,
        95526912,
        95526912,
        95526912,
        95526912,
        95526912,
        95526912,
        95526912,
        95526912,
        95526912,
        95526912,
        95526912,
        95526912,
        95526912,
        95526912
      ],
      "exit_codes": [
        1,
        1,
        1,
        1,
        1,
        1,
        1,
        1,
        1,
        1,
        1,
        1,
        1,
        1,
        1
      ]
    },
    {
      "command": "/tmp/fta-bench-hseg/node_modules/.bin/fta --json --exclude-under 0 /home/ben/code/complexity-guard/benchmarks/projects/nestjs",
      "mean": 0.4137950329400001,
      "stddev": 0.004465653359215095,
      "median": 0.41373367594,
      "user": 0.28331510000000004,
      "system": 0.13338911333333334,
      "min": 0.40697625394000003,
      "max": 0.42363518794,
      "times": [
        0.41180859994,
        0.41528858794,
        0.41373367594,
        0.40804944194000003,
        0.42363518794,
        0.41523313394,
        0.41103776594,
        0.41223389694,
        0.40697625394000003,
        0.41935997994,
        0.41283547094,
        0.41785083394,
        0.40819481794,
        0.41552418594,
        0.41516366094
      ],
      "memory_usage_byte": [
        95526912,
        95526912,
        95526912,
        95526912,
        95526912,
        95526912,
        95526912,
        95526912,
        95526912,
        95526912,
        95526912,
        95526912,
        95526912,
        95526912,
        95526912
      ],
      "exit_codes": [
        0,
        0,
        0,
        0,
        0,
        0,
        0,
        0,
        0,
        0,
        0,
        0,
        0,
        0,
        0
      ]
    }
  ]
}
