{
  "results": [
    {
      "command": "/home/ben/code/complexity-guard/zig-out/bin/complexity-guard --format json --fail-on none /home/ben/code/complexity-guard/benchmarks/projects/vite",
      "mean": 0.48056487500000006,
      "stddev": 0.0027211307041420676,
      "median": 0.47959823660000006,
      "user": 0.42343101333333333,
      "system": 0.054203186666666674,
      "min": 0.47770688660000005,
      "max": 0.4855172246000001,
      "times": [
        0.48048136460000007,
        0.48348562660000005,
        0.47790602460000003,
        0.47770688660000005,
        0.47816896360000005,
        0.47870044260000005,
        0.47959823660000006,
        0.47887683760000005,
        0.4781714886,
        0.47858067560000006,
        0.48230654860000005,
        0.4846680716,
        0.48017917060000004,
        0.48412556260000006,
        0.4855172246000001
      ],
      "memory_usage_byte": [
        75276288,
        75276288,
        75276288,
        75276288,
        75276288,
        75276288,
        75276288,
        75276288,
        75276288,
        75276288,
        75276288,
        75276288,
        75276288,
        75276288,
        75276288
      ],
      "exit_codes": [
        1,
        1,
        1,
        1,
        1,
        1,
        1,
        1,
        1,
        1,
        1,
        1,
        1,
        1,
        1
      ]
    },
    {
      "command": "/tmp/fta-bench-hseg/node_modules/.bin/fta --json --exclude-under 0 /home/ben/code/complexity-guard/benchmarks/projects/vite",
      "mean": 0.4000975350000001,
      "stddev": 0.007271657529204851,
      "median": 0.39693202960000007,
      "user": 0.25534628,
      "system": 0.14807625333333332,
      "min": 0.39327680060000003,
      "max": 0.41778163160000004,
      "times": [
        0.39585865160000006,
        0.3957972256,
        0.3950177046,
        0.4132426846,
        0.39327680060000003,
        0.39491377760000007,
        0.40337354760000005,
        0.39493574960000005,
        0.39693202960000007,
        0.39440943060000005,
        0.40527735260000003,
        0.40062999960000006,
        0.4024795916,
        0.41778163160000004,
        0.3975368476
      ],
      "memory_usage_byte": [
        75276288,
        75276288,
        75276288,
        75276288,
        75276288,
        75276288,
        75276288,
        75276288,
        75276288,
        75276288,
        75276288,
        75276288,
        75276288,
        75276288,
        75276288
      ],
      "exit_codes": [
        0,
        0,
        0,
        0,
        0,
        0,
        0,
        0,
        0,
        0,
        0,
        0,
        0,
        0,
        0
      ]
    }
  ]
}
