{
  "results": [
    {
      "command": "/home/ben/code/complexity-guard/zig-out/bin/complexity-guard --format json --fail-on none /home/ben/code/complexity-guard/benchmarks/projects/webpack",
      "mean": 1.7349044818533332,
      "stddev": 0.004526289974850078,
      "median": 1.7351522995200002,
      "user": 1.5320047933333334,
      "system": 0.19303260666666663,
      "min": 1.72819729152,
      "max": 1.74352024952,
      "times": [
        1.73439692452,
        1.74352024952,
        1.73693541552,
        1.73598633252,
        1.7390336295200002,
        1.72850906352,
        1.72819729152,
        1.7372052575199999,
        1.73600730252,
        1.7351522995200002,
        1.7333580025200002,
        1.74145906552,
        1.7319674305200001,
        1.72849169152,
        1.73334727152
      ],
      "memory_usage_byte": [
        219193344,
        219193344,
        219193344,
        219193344,
        219193344,
        219193344,
        219193344,
        219193344,
        219193344,
        219193344,
        219193344,
        219193344,
        219193344,
        219193344,
        219193344
      ],
      "exit_codes": [
        1,
        1,
        1,
        1,
        1,
        1,
        1,
        1,
        1,
        1,
        1,
        1,
        1,
        1,
        1
      ]
    },
    {
      "command": "/tmp/fta-bench-hseg/node_modules/.bin/fta --json --exclude-under 0 /home/ben/code/complexity-guard/benchmarks/projects/webpack",
      "mean": 1.2749067631866668,
      "stddev": 0.009855408922346987,
      "median": 1.2728764695199999,
      "user": 0.8534567933333332,
      "system": 0.41579514,
      "min": 1.26391792952,
      "max": 1.29474699152,
      "times": [
        1.27537408252,
        1.29474699152,
        1.2728764695199999,
        1.29439379052,
        1.26456340352,
        1.27306698152,
        1.28698260652,
        1.26880363552,
        1.27884830952,
        1.27266109052,
        1.2681250665200001,
        1.26712799352,
        1.2734189095200001,
        1.26869418752,
        1.26391792952
      ],
      "memory_usage_byte": [
        219193344,
        219193344,
        219193344,
        219193344,
        219193344,
        219193344,
        219193344,
        219193344,
        219193344,
        219193344,
        219193344,
        219193344,
        219193344,
        219193344,
        219193344
      ],
      "exit_codes": [
        0,
        0,
        0,
        0,
        0,
        0,
        0,
        0,
        0,
        0,
        0,
        0,
        0,
        0,
        0
      ]
    }
  ]
}
