{
  "results": [
    {
      "command": "/home/ben/code/complexity-guard/zig-out/bin/complexity-guard --format json --fail-on none /home/ben/code/complexity-guard/benchmarks/projects/zod",
      "mean": 0.2908641054599999,
      "stddev": 0.00309257625581121,
      "median": 0.29011527366,
      "user": 0.26795089333333333,
      "system": 0.021112186666666664,
      "min": 0.28790555866,
      "max": 0.30100502766,
      "times": [
        0.28932750866,
        0.28877966866,
        0.28790555866,
        0.28984524066,
        0.28904428066,
        0.29037353466,
        0.29251512966,
        0.29220695466,
        0.29140824866,
        0.29137471466,
        0.28993734566,
        0.29030642666,
        0.28881666866,
        0.29011527366,
        0.30100502766
      ],
      "memory_usage_byte": [
        40542208,
        40583168,
        40583168,
        40583168,
        40583168,
        40583168,
        40583168,
        40583168,
        40583168,
        40583168,
        40583168,
        40603648,
        40603648,
        40603648,
        40603648
      ],
      "exit_codes": [
        1,
        1,
        1,
        1,
        1,
        1,
        1,
        1,
        1,
        1,
        1,
        1,
        1,
        1,
        1
      ]
    },
    {
      "command": "/tmp/fta-bench-hseg/node_modules/.bin/fta --json --exclude-under 0 /home/ben/code/complexity-guard/benchmarks/projects/zod",
      "mean": 0.15032600566,
      "stddev": 0.0025728015756143,
      "median": 0.15039542266000003,
      "user": 0.09046335999999998,
      "system": 0.06543945333333334,
      "min": 0.14624791866000003,
      "max": 0.15639013366,
      "times": [
        0.14792630566,
        0.15087581466000002,
        0.14996327266,
        0.15310949566,
        0.14796178266,
        0.14933386766,
        0.15065107766000002,
        0.15285223666000003,
        0.15059329766000001,
        0.15639013366,
        0.15212182066000002,
        0.15039542266000003,
        0.14855671266,
        0.14624791866000003,
        0.14791092566000003
      ],
      "memory_usage_byte": [
        48742400,
        48742400,
        48742400,
        48742400,
        48758784,
        48758784,
        48758784,
        48758784,
        48758784,
        48844800,
        48844800,
        48844800,
        48844800,
        48844800,
        48844800
      ],
      "exit_codes": [
        0,
        0,
        0,
        0,
        0,
        0,
        0,
        0,
        0,
        0,
        0,
        0,
        0,
        0,
        0
      ]
    }
  ]
}
