{
  "results": [
    {
      "command": "/Users/benvds/code/complexity-guard/zig-out/bin/complexity-guard --format json --fail-on none /Users/benvds/code/complexity-guard/benchmarks/projects/effect",
      "mean": 0.8395467452400002,
      "stddev": 0.07871758902230533,
      "median": 0.86735507584,
      "user": 4.069637466666666,
      "system": 0.11732143333333332,
      "min": 0.64144095084,
      "max": 0.8940142428400001,
      "times": [
        0.8742789508400001,
        0.86349565884,
        0.8758917418400001,
        0.87656470084,
        0.8747072838400001,
        0.87245174284,
        0.8728134508400001,
        0.65365724284,
        0.86735507584,
        0.64144095084,
        0.8600154508400001,
        0.8940142428400001,
        0.8647546178400001,
        0.85173649184,
        0.85002357584
      ],
      "memory_usage_byte": [
        65798144,
        71270400,
        71270400,
        71270400,
        71958528,
        71958528,
        71958528,
        91783168,
        91783168,
        93650944,
        93650944,
        93650944,
        93650944,
        93650944,
        93650944
      ],
      "exit_codes": [
        1,
        1,
        1,
        1,
        1,
        1,
        1,
        1,
        1,
        1,
        1,
        1,
        1,
        1,
        1
      ]
    },
    {
      "command": "/tmp/fta-bench-yJa0/node_modules/.bin/fta --json --exclude-under 0 /Users/benvds/code/complexity-guard/benchmarks/projects/effect",
      "mean": 0.6545907147066666,
      "stddev": 0.05443895038429795,
      "median": 0.67970261684,
      "user": 0.5180011999999998,
      "system": 0.07467856666666667,
      "min": 0.5756324928400001,
      "max": 0.72544036784,
      "times": [
        0.57843078384,
        0.68028361684,
        0.67795278484,
        0.5756324928400001,
        0.69221520084,
        0.68489845084,
        0.57581978384,
        0.67970261684,
        0.67526645084,
        0.57606078484,
        0.69556215884,
        0.72544036784,
        0.60784753484,
        0.7005272838400001,
        0.69322040884
      ],
      "memory_usage_byte": [
        93650944,
        93650944,
        93650944,
        93650944,
        93650944,
        93650944,
        93650944,
        93650944,
        93650944,
        93650944,
        93650944,
        93650944,
        93650944,
        93650944,
        93650944
      ],
      "exit_codes": [
        0,
        0,
        0,
        0,
        0,
        0,
        0,
        0,
        0,
        0,
        0,
        0,
        0,
        0,
        0
      ]
    }
  ]
}
