{
  "results": [
    {
      "command": "/Users/benvds/code/complexity-guard/zig-out/bin/complexity-guard --format json --fail-on none /Users/benvds/code/complexity-guard/benchmarks/projects/got",
      "mean": 0.019745814219999998,
      "stddev": 0.0012671871083263125,
      "median": 0.019770122820000003,
      "user": 0.12494486,
      "system": 0.00776758,
      "min": 0.01795778882,
      "max": 0.022791997820000003,
      "times": [
        0.021227747820000004,
        0.019770122820000003,
        0.019087705820000002,
        0.01922533082,
        0.01811337282,
        0.01990741382,
        0.01811520582,
        0.019862747820000002,
        0.02057920582,
        0.019560580820000003,
        0.022791997820000003,
        0.01795778882,
        0.019259580820000004,
        0.020435122820000002,
        0.02029328882
      ],
      "memory_usage_byte": [
        11649024,
        11649024,
        11649024,
        11649024,
        12173312,
        12173312,
        12533760,
        12533760,
        12533760,
        12533760,
        12533760,
        12533760,
        12533760,
        12533760,
        12533760
      ],
      "exit_codes": [
        1,
        1,
        1,
        1,
        1,
        1,
        1,
        1,
        1,
        1,
        1,
        1,
        1,
        1,
        1
      ]
    },
    {
      "command": "/tmp/fta-bench-yJa0/node_modules/.bin/fta --json --exclude-under 0 /Users/benvds/code/complexity-guard/benchmarks/projects/got",
      "mean": 0.08002469202,
      "stddev": 0.026338893548091574,
      "median": 0.07314266382,
      "user": 0.051346993333333334,
      "system": 0.02585231333333333,
      "min": 0.06951416382,
      "max": 0.17503458082,
      "times": [
        0.07308158082,
        0.07503316482,
        0.07308470582,
        0.07314266382,
        0.07424562282,
        0.07584087182,
        0.07480695581999999,
        0.07390545582,
        0.17503458082,
        0.07136224782,
        0.06951416382,
        0.07120233081999999,
        0.07227108082,
        0.07264028982,
        0.07520466482
      ],
      "memory_usage_byte": [
        46465024,
        46465024,
        46465024,
        46465024,
        46465024,
        46465024,
        46465024,
        46465024,
        46465024,
        46465024,
        46465024,
        46497792,
        46497792,
        46497792,
        46497792
      ],
      "exit_codes": [
        0,
        0,
        0,
        0,
        0,
        0,
        0,
        0,
        0,
        0,
        0,
        0,
        0,
        0,
        0
      ]
    }
  ]
}
