{
  "results": [
    {
      "command": "/Users/benvds/code/complexity-guard/zig-out/bin/complexity-guard --format json --fail-on none /Users/benvds/code/complexity-guard/benchmarks/projects/typeorm",
      "mean": 0.2122824417066667,
      "stddev": 0.0026661665513411244,
      "median": 0.21232805004,
      "user": 1.3650282866666668,
      "system": 0.22847095999999997,
      "min": 0.20444880004000002,
      "max": 0.21708146604,
      "times": [
        0.21207471604,
        0.21272542504,
        0.21229505004000002,
        0.21232805004,
        0.21157884204,
        0.21237217504,
        0.21020150804,
        0.21495150904000002,
        0.21351892504,
        0.21225371704,
        0.20444880004000002,
        0.21334855004,
        0.21708146604,
        0.21226925804000002,
        0.21278863404
      ],
      "memory_usage_byte": [
        68993024,
        68993024,
        68993024,
        68993024,
        68993024,
        68993024,
        68993024,
        68993024,
        68993024,
        68993024,
        68993024,
        68993024,
        68993024,
        68993024,
        68993024
      ],
      "exit_codes": [
        1,
        1,
        1,
        1,
        1,
        1,
        1,
        1,
        1,
        1,
        1,
        1,
        1,
        1,
        1
      ]
    },
    {
      "command": "/tmp/fta-bench-yJa0/node_modules/.bin/fta --json --exclude-under 0 /Users/benvds/code/complexity-guard/benchmarks/projects/typeorm",
      "mean": 0.5273217694400001,
      "stddev": 0.0529123189233575,
      "median": 0.5641150920400001,
      "user": 0.34605048666666666,
      "system": 0.13230582666666665,
      "min": 0.46456671704,
      "max": 0.5795148410400001,
      "times": [
        0.5742783000400001,
        0.46748759204,
        0.57862346604,
        0.46598617504,
        0.5641150920400001,
        0.46828763304000004,
        0.5795148410400001,
        0.46749617504,
        0.5700109250400001,
        0.50255313304,
        0.5790874670400001,
        0.47891480004000003,
        0.57023771704,
        0.5786665080400001,
        0.46456671704
      ],
      "memory_usage_byte": [
        68993024,
        68993024,
        68993024,
        68993024,
        68993024,
        68993024,
        68993024,
        68993024,
        68993024,
        68993024,
        68993024,
        68993024,
        68993024,
        68993024,
        68993024
      ],
      "exit_codes": [
        0,
        0,
        0,
        0,
        0,
        0,
        0,
        0,
        0,
        0,
        0,
        0,
        0,
        0,
        0
      ]
    }
  ]
}
