{
  "results": [
    {
      "command": "/Users/benvds/code/complexity-guard/zig-out/bin/complexity-guard --format json --fail-on none /Users/benvds/code/complexity-guard/benchmarks/projects/webpack",
      "mean": 0.3038113677866667,
      "stddev": 0.006564062604995137,
      "median": 0.30443918132000003,
      "user": 1.4047605999999997,
      "system": 0.5148410466666667,
      "min": 0.29231234832,
      "max": 0.31317993232,
      "times": [
        0.29825534832,
        0.30719872332000003,
        0.30649538932000003,
        0.30778272332,
        0.31317993232,
        0.30122622332,
        0.30443918132000003,
        0.29787034832000003,
        0.31136164032,
        0.29320784832,
        0.30199530632,
        0.30923726432,
        0.29231234832,
        0.30078505732,
        0.31182318232
      ],
      "memory_usage_byte": [
        120094720,
        120094720,
        120094720,
        120094720,
        120094720,
        120094720,
        120094720,
        120094720,
        120094720,
        120094720,
        120094720,
        120094720,
        120094720,
        120094720,
        120094720
      ],
      "exit_codes": [
        1,
        1,
        1,
        1,
        1,
        1,
        1,
        1,
        1,
        1,
        1,
        1,
        1,
        1,
        1
      ]
    },
    {
      "command": "/tmp/fta-bench-yJa0/node_modules/.bin/fta --json --exclude-under 0 /Users/benvds/code/complexity-guard/benchmarks/projects/webpack",
      "mean": 0.7868098262533333,
      "stddev": 0.04443212840938842,
      "median": 0.80686868132,
      "user": 0.5065442,
      "system": 0.2054351133333333,
      "min": 0.69868889032,
      "max": 0.81551172332,
      "times": [
        0.8033882653200001,
        0.81551172332,
        0.8025232653200001,
        0.69934097332,
        0.8072735573200001,
        0.80842668232,
        0.81375468232,
        0.69868889032,
        0.8054316813200001,
        0.81392739032,
        0.7980653483200001,
        0.81169618132,
        0.70644272332,
        0.80686868132,
        0.81080734832
      ],
      "memory_usage_byte": [
        120094720,
        120094720,
        120094720,
        120094720,
        120094720,
        120094720,
        120094720,
        120094720,
        120094720,
        120094720,
        120094720,
        120094720,
        120094720,
        120094720,
        120094720
      ],
      "exit_codes": [
        0,
        0,
        0,
        0,
        0,
        0,
        0,
        0,
        0,
        0,
        0,
        0,
        0,
        0,
        0
      ]
    }
  ]
}
