{
  "results": [
    {
      "command": "/home/ben/code/complexity-guard/zig-out/bin/complexity-guard --format json --fail-on none /home/ben/code/complexity-guard/benchmarks/projects/nestjs",
      "mean": 0.14486305565333335,
      "stddev": 0.0034261408300499964,
      "median": 0.14492347452,
      "user": 0.8567868066666665,
      "system": 0.2937705933333333,
      "min": 0.13936772952,
      "max": 0.15089846552,
      "times": [
        0.14297166952,
        0.14497190652,
        0.14359945152,
        0.14855142052,
        0.14880786652,
        0.13936772952,
        0.14163529352,
        0.14492347452,
        0.14706752352,
        0.15089846552,
        0.14743508152,
        0.14785309452,
        0.14087601252,
        0.14171198852,
        0.14227485652
      ],
      "memory_usage_byte": [
        20885504,
        20885504,
        20885504,
        20885504,
        20885504,
        20885504,
        20885504,
        20885504,
        20885504,
        20885504,
        20885504,
        20885504,
        20885504,
        20885504,
        20885504
      ],
      "exit_codes": [
        1,
        1,
        1,
        1,
        1,
        1,
        1,
        1,
        1,
        1,
        1,
        1,
        1,
        1,
        1
      ]
    },
    {
      "command": "/tmp/fta-bench-vF4K/node_modules/.bin/fta --json --exclude-under 0 /home/ben/code/complexity-guard/benchmarks/projects/nestjs",
      "mean": 0.4239040519200001,
      "stddev": 0.006450401908176774,
      "median": 0.42237172252,
      "user": 0.29486760666666656,
      "system": 0.13179599333333333,
      "min": 0.41850748752,
      "max": 0.44232993352,
      "times": [
        0.41871434052,
        0.44232993352,
        0.41920546252,
        0.42133443352,
        0.42237172252,
        0.41873495952,
        0.42250189952,
        0.42377637852,
        0.42092274252,
        0.41886021652,
        0.42310701752,
        0.42857899352,
        0.41850748752,
        0.42922175352,
        0.43039343752000003
      ],
      "memory_usage_byte": [
        48807936,
        48807936,
        48807936,
        48807936,
        48807936,
        48807936,
        48807936,
        48807936,
        48807936,
        48807936,
        48807936,
        48824320,
        48824320,
        48824320,
        48824320
      ],
      "exit_codes": [
        0,
        0,
        0,
        0,
        0,
        0,
        0,
        0,
        0,
        0,
        0,
        0,
        0,
        0,
        0
      ]
    }
  ]
}
