{
  "results": [
    {
      "command": "/home/ben/code/complexity-guard/zig-out/bin/complexity-guard --format json --fail-on none /home/ben/code/complexity-guard/benchmarks/projects/vite",
      "mean": 0.13133098794,
      "stddev": 0.0042603893648249964,
      "median": 0.13111228553999998,
      "user": 0.6887613666666667,
      "system": 0.22866504666666668,
      "min": 0.11960113654000001,
      "max": 0.13758937954,
      "times": [
        0.13225967353999998,
        0.13014423853999998,
        0.12991584454,
        0.12839498754,
        0.11960113654000001,
        0.12991400154,
        0.13332384354,
        0.12956763354,
        0.13642661254,
        0.13305182654,
        0.13111228553999998,
        0.13758937954,
        0.13555112054,
        0.13361624754,
        0.12949598754
      ],
      "memory_usage_byte": [
        25436160,
        25436160,
        25714688,
        25714688,
        25714688,
        25714688,
        25714688,
        25714688,
        25714688,
        25714688,
        26152960,
        26152960,
        26152960,
        26152960,
        26152960
      ],
      "exit_codes": [
        1,
        1,
        1,
        1,
        1,
        1,
        1,
        1,
        1,
        1,
        1,
        1,
        1,
        1,
        1
      ]
    },
    {
      "command": "/tmp/fta-bench-vF4K/node_modules/.bin/fta --json --exclude-under 0 /home/ben/code/complexity-guard/benchmarks/projects/vite",
      "mean": 0.41109813394,
      "stddev": 0.007518490999502518,
      "median": 0.40785121654,
      "user": 0.2657347666666667,
      "system": 0.14769264666666665,
      "min": 0.40335844954,
      "max": 0.42663221454,
      "times": [
        0.40418421754,
        0.41871248154,
        0.40785121654,
        0.41807328854000003,
        0.41405415054,
        0.41632391854,
        0.40569913254,
        0.41229299854,
        0.40353555554000003,
        0.40452335154,
        0.42048867354,
        0.40685093854000004,
        0.42663221454,
        0.40389142154,
        0.40335844954
      ],
      "memory_usage_byte": [
        48742400,
        48742400,
        48742400,
        48742400,
        48742400,
        48742400,
        48807936,
        48873472,
        48873472,
        48873472,
        48873472,
        48873472,
        48873472,
        48873472,
        48873472
      ],
      "exit_codes": [
        0,
        0,
        0,
        0,
        0,
        0,
        0,
        0,
        0,
        0,
        0,
        0,
        0,
        0,
        0
      ]
    }
  ]
}
